[0.088s] DEBUG:colcon:Command line arguments: ['/usr/bin/colcon', 'build', '--packages-select', 'amr_topology']
[0.088s] DEBUG:colcon:Parsed command line arguments: Namespace(log_base=None, log_level=None, verb_name='build', build_base='build', install_base='install', merge_install=False, symlink_install=False, test_result_base=None, continue_on_error=False, executor='parallel', parallel_workers=16, event_handlers=None, ignore_user_meta=False, metas=['./colcon.meta'], base_paths=['.'], packages_ignore=None, packages_ignore_regex=None, paths=None, packages_up_to=None, packages_up_to_regex=None, packages_above=None, packages_above_and_dependencies=None, packages_above_depth=None, packages_select_by_dep=None, packages_skip_by_dep=None, packages_skip_up_to=None, packages_select_build_failed=False, packages_skip_build_finished=False, packages_select_test_failures=False, packages_skip_test_passed=False, packages_select=['amr_topology'], packages_skip=None, packages_select_regex=None, packages_skip_regex=None, packages_start=None, packages_end=None, allow_overriding=[], cmake_args=None, cmake_target=None, cmake_target_skip_unavailable=False, cmake_clean_cache=False, cmake_clean_first=False, cmake_force_configure=False, ament_cmake_args=None, catkin_cmake_args=None, catkin_skip_building_tests=False, verb_parser=<colcon_defaults.argument_parser.defaults.DefaultArgumentsDecorator object at 0x781b8655cb50>, verb_extension=<colcon_core.verb.build.BuildVerb object at 0x781b8665df60>, main=<bound method BuildVerb.main of <colcon_core.verb.build.BuildVerb object at 0x781b8665df60>>)
[0.232s] Level 1:colcon.colcon_core.package_discovery:discover_packages(colcon_meta) check parameters
[0.232s] Level 1:colcon.colcon_core.package_discovery:discover_packages(recursive) check parameters
[0.232s] Level 1:colcon.colcon_core.package_discovery:discover_packages(ignore) check parameters
[0.232s] Level 1:colcon.colcon_core.package_discovery:discover_packages(path) check parameters
[0.232s] Level 1:colcon.colcon_core.package_discovery:discover_packages(colcon_meta) discover
[0.232s] Level 1:colcon.colcon_core.package_discovery:discover_packages(recursive) discover
[0.232s] INFO:colcon.colcon_core.package_discovery:Crawling recursively for packages in '/home/lee/Downloads/Topology_Graph_test-main'
[0.232s] Level 1:colcon.colcon_core.package_identification:_identify(.) by extensions ['ignore', 'ignore_ament_install']
[0.232s] Level 1:colcon.colcon_core.package_identification:_identify(.) by extension 'ignore'
[0.232s] Level 1:colcon.colcon_core.package_identification:_identify(.) by extension 'ignore_ament_install'
[0.232s] Level 1:colcon.colcon_core.package_identification:_identify(.) by extensions ['colcon_pkg']
[0.232s] Level 1:colcon.colcon_core.package_identification:_identify(.) by extension 'colcon_pkg'
[0.232s] Level 1:colcon.colcon_core.package_identification:_identify(.) by extensions ['colcon_meta']
[0.232s] Level 1:colcon.colcon_core.package_identification:_identify(.) by extension 'colcon_meta'
[0.232s] Level 1:colcon.colcon_core.package_identification:_identify(.) by extensions ['ros']
[0.232s] Level 1:colcon.colcon_core.package_identification:_identify(.) by extension 'ros'
[0.238s] Level 1:colcon.colcon_core.package_identification:_identify(.) by extensions ['cmake', 'python']
[0.239s] Level 1:colcon.colcon_core.package_identification:_identify(.) by extension 'cmake'
[0.239s] Level 1:colcon.colcon_core.package_identification:_identify(.) by extension 'python'
[0.239s] Level 1:colcon.colcon_core.package_identification:_identify(.) by extensions ['python_setup_py']
[0.239s] Level 1:colcon.colcon_core.package_identification:_identify(.) by extension 'python_setup_py'
[0.239s] Level 1:colcon.colcon_core.package_identification:_identify(__pycache__) by extensions ['ignore', 'ignore_ament_install']
[0.239s] Level 1:colcon.colcon_core.package_identification:_identify(__pycache__) by extension 'ignore'
[0.239s] Level 1:colcon.colcon_core.package_identification:_identify(__pycache__) by extension 'ignore_ament_install'
[0.239s] Level 1:colcon.colcon_core.package_identification:_identify(__pycache__) by extensions ['colcon_pkg']
[0.239s] Level 1:colcon.colcon_core.package_identification:_identify(__pycache__) by extension 'colcon_pkg'
[0.239s] Level 1:colcon.colcon_core.package_identification:_identify(__pycache__) by extensions ['colcon_meta']
[0.239s] Level 1:colcon.colcon_core.package_identification:_identify(__pycache__) by extension 'colcon_meta'
[0.239s] Level 1:colcon.colcon_core.package_identification:_identify(__pycache__) by extensions ['ros']
[0.239s] Level 1:colcon.colcon_core.package_identification:_identify(__pycache__) by extension 'ros'
[0.239s] Level 1:colcon.colcon_core.package_identification:_identify(__pycache__) by extensions ['cmake', 'python']
[0.239s] Level 1:colcon.colcon_core.package_identification:_identify(__pycache__) by extension 'cmake'
[0.239s] Level 1:colcon.colcon_core.package_identification:_identify(__pycache__) by extension 'python'
[0.239s] Level 1:colcon.colcon_core.package_identification:_identify(__pycache__) by extensions ['python_setup_py']
[0.239s] Level 1:colcon.colcon_core.package_identification:_identify(__pycache__) by extension 'python_setup_py'
[0.239s] Level 1:colcon.colcon_core.package_identification:_identify(build) by extensions ['ignore', 'ignore_ament_install']
[0.239s] Level 1:colcon.colcon_core.package_identification:_identify(build) by extension 'ignore'
[0.239s] Level 1:colcon.colcon_core.package_identification:_identify(build) ignored
[0.239s] Level 1:colcon.colcon_core.package_identification:_identify(charger_docking_debug) by extensions ['ignore', 'ignore_ament_install']
[0.239s] Level 1:colcon.colcon_core.package_identification:_identify(charger_docking_debug) by extension 'ignore'
[0.239s] Level 1:colcon.colcon_core.package_identification:_identify(charger_docking_debug) by extension 'ignore_ament_install'
[0.239s] Level 1:colcon.colcon_core.package_identification:_identify(charger_docking_debug) by extensions ['colcon_pkg']
[0.239s] Level 1:colcon.colcon_core.package_identification:_identify(charger_docking_debug) by extension 'colcon_pkg'
[0.239s] Level 1:colcon.colcon_core.package_identification:_identify(charger_docking_debug) by extensions ['colcon_meta']
[0.239s] Level 1:colcon.colcon_core.package_identification:_identify(charger_docking_debug) by extension 'colcon_meta'
[0.239s] Level 1:colcon.colcon_core.package_identification:_identify(charger_docking_debug) by extensions ['ros']
[0.239s] Level 1:colcon.colcon_core.package_identification:_identify(charger_docking_debug) by extension 'ros'
[0.239s] Level 1:colcon.colcon_core.package_identification:_identify(charger_docking_debug) by extensions ['cmake', 'python']
[0.239s] Level 1:colcon.colcon_core.package_identification:_identify(charger_docking_debug) by extension 'cmake'
[0.239s] Level 1:colcon.colcon_core.package_identification:_identify(charger_docking_debug) by extension 'python'
[0.239s] Level 1:colcon.colcon_core.package_identification:_identify(charger_docking_debug) by extensions ['python_setup_py']
[0.239s] Level 1:colcon.colcon_core.package_identification:_identify(charger_docking_debug) by extension 'python_setup_py'
[0.239s] Level 1:colcon.colcon_core.package_identification:_identify(install) by extensions ['ignore', 'ignore_ament_install']
[0.239s] Level 1:colcon.colcon_core.package_identification:_identify(install) by extension 'ignore'
[0.239s] Level 1:colcon.colcon_core.package_identification:_identify(install) ignored
[0.240s] Level 1:colcon.colcon_core.package_identification:_identify(log) by extensions ['ignore', 'ignore_ament_install']
[0.240s] Level 1:colcon.colcon_core.package_identification:_identify(log) by extension 'ignore'
[0.240s] Level 1:colcon.colcon_core.package_identification:_identify(log) ignored
[0.240s] Level 1:colcon.colcon_core.package_identification:_identify(rosbag) by extensions ['ignore', 'ignore_ament_install']
[0.240s] Level 1:colcon.colcon_core.package_identification:_identify(rosbag) by extension 'ignore'
[0.240s] Level 1:colcon.colcon_core.package_identification:_identify(rosbag) by extension 'ignore_ament_install'
[0.240s] Level 1:colcon.colcon_core.package_identification:_identify(rosbag) by extensions ['colcon_pkg']
[0.240s] Level 1:colcon.colcon_core.package_identification:_identify(rosbag) by extension 'colcon_pkg'
[0.240s] Level 1:colcon.colcon_core.package_identification:_identify(rosbag) by extensions ['colcon_meta']
[0.240s] Level 1:colcon.colcon_core.package_identification:_identify(rosbag) by extension 'colcon_meta'
[0.240s] Level 1:colcon.colcon_core.package_identification:_identify(rosbag) by extensions ['ros']
[0.240s] Level 1:colcon.colcon_core.package_identification:_identify(rosbag) by extension 'ros'
[0.240s] Level 1:colcon.colcon_core.package_identification:_identify(rosbag) by extensions ['cmake', 'python']
[0.240s] Level 1:colcon.colcon_core.package_identification:_identify(rosbag) by extension 'cmake'
[0.240s] Level 1:colcon.colcon_core.package_identification:_identify(rosbag) by extension 'python'
[0.240s] Level 1:colcon.colcon_core.package_identification:_identify(rosbag) by extensions ['python_setup_py']
[0.240s] Level 1:colcon.colcon_core.package_identification:_identify(rosbag) by extension 'python_setup_py'
[0.240s] Level 1:colcon.colcon_core.package_identification:_identify(rosbag/avoidance_bag_01) by extensions ['ignore', 'ignore_ament_install']
[0.240s] Level 1:colcon.colcon_core.package_identification:_identify(rosbag/avoidance_bag_01) by extension 'ignore'
[0.240s] Level 1:colcon.colcon_core.package_identification:_identify(rosbag/avoidance_bag_01) by extension 'ignore_ament_install'
[0.240s] Level 1:colcon.colcon_core.package_identification:_identify(rosbag/avoidance_bag_01) by extensions ['colcon_pkg']
[0.240s] Level 1:colcon.colcon_core.package_identification:_identify(rosbag/avoidance_bag_01) by extension 'colcon_pkg'
[0.240s] Level 1:colcon.colcon_core.package_identification:_identify(rosbag/avoidance_bag_01) by extensions ['colcon_meta']
[0.240s] Level 1:colcon.colcon_core.package_identification:_identify(rosbag/avoidance_bag_01) by extension 'colcon_meta'
[0.240s] Level 1:colcon.colcon_core.package_identification:_identify(rosbag/avoidance_bag_01) by extensions ['ros']
[0.240s] Level 1:colcon.colcon_core.package_identification:_identify(rosbag/avoidance_bag_01) by extension 'ros'
[0.240s] Level 1:colcon.colcon_core.package_identification:_identify(rosbag/avoidance_bag_01) by extensions ['cmake', 'python']
[0.240s] Level 1:colcon.colcon_core.package_identification:_identify(rosbag/avoidance_bag_01) by extension 'cmake'
[0.241s] Level 1:colcon.colcon_core.package_identification:_identify(rosbag/avoidance_bag_01) by extension 'python'
[0.241s] Level 1:colcon.colcon_core.package_identification:_identify(rosbag/avoidance_bag_01) by extensions ['python_setup_py']
[0.241s] Level 1:colcon.colcon_core.package_identification:_identify(rosbag/avoidance_bag_01) by extension 'python_setup_py'
[0.241s] Level 1:colcon.colcon_core.package_identification:_identify(rosbag/avoidance_bag_02) by extensions ['ignore', 'ignore_ament_install']
[0.241s] Level 1:colcon.colcon_core.package_identification:_identify(rosbag/avoidance_bag_02) by extension 'ignore'
[0.241s] Level 1:colcon.colcon_core.package_identification:_identify(rosbag/avoidance_bag_02) by extension 'ignore_ament_install'
[0.241s] Level 1:colcon.colcon_core.package_identification:_identify(rosbag/avoidance_bag_02) by extensions ['colcon_pkg']
[0.241s] Level 1:colcon.colcon_core.package_identification:_identify(rosbag/avoidance_bag_02) by extension 'colcon_pkg'
[0.241s] Level 1:colcon.colcon_core.package_identification:_identify(rosbag/avoidance_bag_02) by extensions ['colcon_meta']
[0.241s] Level 1:colcon.colcon_core.package_identification:_identify(rosbag/avoidance_bag_02) by extension 'colcon_meta'
[0.241s] Level 1:colcon.colcon_core.package_identification:_identify(rosbag/avoidance_bag_02) by extensions ['ros']
[0.241s] Level 1:colcon.colcon_core.package_identification:_identify(rosbag/avoidance_bag_02) by extension 'ros'
[0.241s] Level 1:colcon.colcon_core.package_identification:_identify(rosbag/avoidance_bag_02) by extensions ['cmake', 'python']
[0.241s] Level 1:colcon.colcon_core.package_identification:_identify(rosbag/avoidance_bag_02) by extension 'cmake'
[0.241s] Level 1:colcon.colcon_core.package_identification:_identify(rosbag/avoidance_bag_02) by extension 'python'
[0.241s] Level 1:colcon.colcon_core.package_identification:_identify(rosbag/avoidance_bag_02) by extensions ['python_setup_py']
[0.241s] Level 1:colcon.colcon_core.package_identification:_identify(rosbag/avoidance_bag_02) by extension 'python_setup_py'
[0.241s] Level 1:colcon.colcon_core.package_identification:_identify(rosbag/avoidance_bag_03) by extensions ['ignore', 'ignore_ament_install']
[0.241s] Level 1:colcon.colcon_core.package_identification:_identify(rosbag/avoidance_bag_03) by extension 'ignore'
[0.241s] Level 1:colcon.colcon_core.package_identification:_identify(rosbag/avoidance_bag_03) by extension 'ignore_ament_install'
[0.241s] Level 1:colcon.colcon_core.package_identification:_identify(rosbag/avoidance_bag_03) by extensions ['colcon_pkg']
[0.241s] Level 1:colcon.colcon_core.package_identification:_identify(rosbag/avoidance_bag_03) by extension 'colcon_pkg'
[0.241s] Level 1:colcon.colcon_core.package_identification:_identify(rosbag/avoidance_bag_03) by extensions ['colcon_meta']
[0.241s] Level 1:colcon.colcon_core.package_identification:_identify(rosbag/avoidance_bag_03) by extension 'colcon_meta'
[0.241s] Level 1:colcon.colcon_core.package_identification:_identify(rosbag/avoidance_bag_03) by extensions ['ros']
[0.241s] Level 1:colcon.colcon_core.package_identification:_identify(rosbag/avoidance_bag_03) by extension 'ros'
[0.241s] Level 1:colcon.colcon_core.package_identification:_identify(rosbag/avoidance_bag_03) by extensions ['cmake', 'python']
[0.241s] Level 1:colcon.colcon_core.package_identification:_identify(rosbag/avoidance_bag_03) by extension 'cmake'
[0.241s] Level 1:colcon.colcon_core.package_identification:_identify(rosbag/avoidance_bag_03) by extension 'python'
[0.241s] Level 1:colcon.colcon_core.package_identification:_identify(rosbag/avoidance_bag_03) by extensions ['python_setup_py']
[0.241s] Level 1:colcon.colcon_core.package_identification:_identify(rosbag/avoidance_bag_03) by extension 'python_setup_py'
[0.242s] Level 1:colcon.colcon_core.package_identification:_identify(rosbag/avoidance_bag_04) by extensions ['ignore', 'ignore_ament_install']
[0.242s] Level 1:colcon.colcon_core.package_identification:_identify(rosbag/avoidance_bag_04) by extension 'ignore'
[0.242s] Level 1:colcon.colcon_core.package_identification:_identify(rosbag/avoidance_bag_04) by extension 'ignore_ament_install'
[0.242s] Level 1:colcon.colcon_core.package_identification:_identify(rosbag/avoidance_bag_04) by extensions ['colcon_pkg']
[0.242s] Level 1:colcon.colcon_core.package_identification:_identify(rosbag/avoidance_bag_04) by extension 'colcon_pkg'
[0.242s] Level 1:colcon.colcon_core.package_identification:_identify(rosbag/avoidance_bag_04) by extensions ['colcon_meta']
[0.242s] Level 1:colcon.colcon_core.package_identification:_identify(rosbag/avoidance_bag_04) by extension 'colcon_meta'
[0.242s] Level 1:colcon.colcon_core.package_identification:_identify(rosbag/avoidance_bag_04) by extensions ['ros']
[0.242s] Level 1:colcon.colcon_core.package_identification:_identify(rosbag/avoidance_bag_04) by extension 'ros'
[0.242s] Level 1:colcon.colcon_core.package_identification:_identify(rosbag/avoidance_bag_04) by extensions ['cmake', 'python']
[0.242s] Level 1:colcon.colcon_core.package_identification:_identify(rosbag/avoidance_bag_04) by extension 'cmake'
[0.242s] Level 1:colcon.colcon_core.package_identification:_identify(rosbag/avoidance_bag_04) by extension 'python'
[0.242s] Level 1:colcon.colcon_core.package_identification:_identify(rosbag/avoidance_bag_04) by extensions ['python_setup_py']
[0.242s] Level 1:colcon.colcon_core.package_identification:_identify(rosbag/avoidance_bag_04) by extension 'python_setup_py'
[0.242s] Level 1:colcon.colcon_core.package_identification:_identify(rosbag/avoidance_bag_05) by extensions ['ignore', 'ignore_ament_install']
[0.242s] Level 1:colcon.colcon_core.package_identification:_identify(rosbag/avoidance_bag_05) by extension 'ignore'
[0.242s] Level 1:colcon.colcon_core.package_identification:_identify(rosbag/avoidance_bag_05) by extension 'ignore_ament_install'
[0.242s] Level 1:colcon.colcon_core.package_identification:_identify(rosbag/avoidance_bag_05) by extensions ['colcon_pkg']
[0.242s] Level 1:colcon.colcon_core.package_identification:_identify(rosbag/avoidance_bag_05) by extension 'colcon_pkg'
[0.242s] Level 1:colcon.colcon_core.package_identification:_identify(rosbag/avoidance_bag_05) by extensions ['colcon_meta']
[0.242s] Level 1:colcon.colcon_core.package_identification:_identify(rosbag/avoidance_bag_05) by extension 'colcon_meta'
[0.242s] Level 1:colcon.colcon_core.package_identification:_identify(rosbag/avoidance_bag_05) by extensions ['ros']
[0.242s] Level 1:colcon.colcon_core.package_identification:_identify(rosbag/avoidance_bag_05) by extension 'ros'
[0.242s] Level 1:colcon.colcon_core.package_identification:_identify(rosbag/avoidance_bag_05) by extensions ['cmake', 'python']
[0.242s] Level 1:colcon.colcon_core.package_identification:_identify(rosbag/avoidance_bag_05) by extension 'cmake'
[0.242s] Level 1:colcon.colcon_core.package_identification:_identify(rosbag/avoidance_bag_05) by extension 'python'
[0.242s] Level 1:colcon.colcon_core.package_identification:_identify(rosbag/avoidance_bag_05) by extensions ['python_setup_py']
[0.242s] Level 1:colcon.colcon_core.package_identification:_identify(rosbag/avoidance_bag_05) by extension 'python_setup_py'
[0.243s] Level 1:colcon.colcon_core.package_identification:_identify(rosbag/avoidance_bag_06) by extensions ['ignore', 'ignore_ament_install']
[0.243s] Level 1:colcon.colcon_core.package_identification:_identify(rosbag/avoidance_bag_06) by extension 'ignore'
[0.243s] Level 1:colcon.colcon_core.package_identification:_identify(rosbag/avoidance_bag_06) by extension 'ignore_ament_install'
[0.243s] Level 1:colcon.colcon_core.package_identification:_identify(rosbag/avoidance_bag_06) by extensions ['colcon_pkg']
[0.243s] Level 1:colcon.colcon_core.package_identification:_identify(rosbag/avoidance_bag_06) by extension 'colcon_pkg'
[0.243s] Level 1:colcon.colcon_core.package_identification:_identify(rosbag/avoidance_bag_06) by extensions ['colcon_meta']
[0.243s] Level 1:colcon.colcon_core.package_identification:_identify(rosbag/avoidance_bag_06) by extension 'colcon_meta'
[0.243s] Level 1:colcon.colcon_core.package_identification:_identify(rosbag/avoidance_bag_06) by extensions ['ros']
[0.243s] Level 1:colcon.colcon_core.package_identification:_identify(rosbag/avoidance_bag_06) by extension 'ros'
[0.243s] Level 1:colcon.colcon_core.package_identification:_identify(rosbag/avoidance_bag_06) by extensions ['cmake', 'python']
[0.243s] Level 1:colcon.colcon_core.package_identification:_identify(rosbag/avoidance_bag_06) by extension 'cmake'
[0.243s] Level 1:colcon.colcon_core.package_identification:_identify(rosbag/avoidance_bag_06) by extension 'python'
[0.243s] Level 1:colcon.colcon_core.package_identification:_identify(rosbag/avoidance_bag_06) by extensions ['python_setup_py']
[0.243s] Level 1:colcon.colcon_core.package_identification:_identify(rosbag/avoidance_bag_06) by extension 'python_setup_py'
[0.243s] Level 1:colcon.colcon_core.package_identification:_identify(rosbag/avoidance_bag_07) by extensions ['ignore', 'ignore_ament_install']
[0.243s] Level 1:colcon.colcon_core.package_identification:_identify(rosbag/avoidance_bag_07) by extension 'ignore'
[0.243s] Level 1:colcon.colcon_core.package_identification:_identify(rosbag/avoidance_bag_07) by extension 'ignore_ament_install'
[0.243s] Level 1:colcon.colcon_core.package_identification:_identify(rosbag/avoidance_bag_07) by extensions ['colcon_pkg']
[0.243s] Level 1:colcon.colcon_core.package_identification:_identify(rosbag/avoidance_bag_07) by extension 'colcon_pkg'
[0.243s] Level 1:colcon.colcon_core.package_identification:_identify(rosbag/avoidance_bag_07) by extensions ['colcon_meta']
[0.243s] Level 1:colcon.colcon_core.package_identification:_identify(rosbag/avoidance_bag_07) by extension 'colcon_meta'
[0.243s] Level 1:colcon.colcon_core.package_identification:_identify(rosbag/avoidance_bag_07) by extensions ['ros']
[0.243s] Level 1:colcon.colcon_core.package_identification:_identify(rosbag/avoidance_bag_07) by extension 'ros'
[0.243s] Level 1:colcon.colcon_core.package_identification:_identify(rosbag/avoidance_bag_07) by extensions ['cmake', 'python']
[0.243s] Level 1:colcon.colcon_core.package_identification:_identify(rosbag/avoidance_bag_07) by extension 'cmake'
[0.243s] Level 1:colcon.colcon_core.package_identification:_identify(rosbag/avoidance_bag_07) by extension 'python'
[0.243s] Level 1:colcon.colcon_core.package_identification:_identify(rosbag/avoidance_bag_07) by extensions ['python_setup_py']
[0.243s] Level 1:colcon.colcon_core.package_identification:_identify(rosbag/avoidance_bag_07) by extension 'python_setup_py'
[0.243s] Level 1:colcon.colcon_core.package_identification:_identify(rosbag/avoidance_bag_08) by extensions ['ignore', 'ignore_ament_install']
[0.243s] Level 1:colcon.colcon_core.package_identification:_identify(rosbag/avoidance_bag_08) by extension 'ignore'
[0.244s] Level 1:colcon.colcon_core.package_identification:_identify(rosbag/avoidance_bag_08) by extension 'ignore_ament_install'
[0.244s] Level 1:colcon.colcon_core.package_identification:_identify(rosbag/avoidance_bag_08) by extensions ['colcon_pkg']
[0.244s] Level 1:colcon.colcon_core.package_identification:_identify(rosbag/avoidance_bag_08) by extension 'colcon_pkg'
[0.244s] Level 1:colcon.colcon_core.package_identification:_identify(rosbag/avoidance_bag_08) by extensions ['colcon_meta']
[0.244s] Level 1:colcon.colcon_core.package_identification:_identify(rosbag/avoidance_bag_08) by extension 'colcon_meta'
[0.244s] Level 1:colcon.colcon_core.package_identification:_identify(rosbag/avoidance_bag_08) by extensions ['ros']
[0.244s] Level 1:colcon.colcon_core.package_identification:_identify(rosbag/avoidance_bag_08) by extension 'ros'
[0.244s] Level 1:colcon.colcon_core.package_identification:_identify(rosbag/avoidance_bag_08) by extensions ['cmake', 'python']
[0.244s] Level 1:colcon.colcon_core.package_identification:_identify(rosbag/avoidance_bag_08) by extension 'cmake'
[0.244s] Level 1:colcon.colcon_core.package_identification:_identify(rosbag/avoidance_bag_08) by extension 'python'
[0.244s] Level 1:colcon.colcon_core.package_identification:_identify(rosbag/avoidance_bag_08) by extensions ['python_setup_py']
[0.244s] Level 1:colcon.colcon_core.package_identification:_identify(rosbag/avoidance_bag_08) by extension 'python_setup_py'
[0.244s] Level 1:colcon.colcon_core.package_identification:_identify(rosbag/avoidance_bag_10) by extensions ['ignore', 'ignore_ament_install']
[0.244s] Level 1:colcon.colcon_core.package_identification:_identify(rosbag/avoidance_bag_10) by extension 'ignore'
[0.244s] Level 1:colcon.colcon_core.package_identification:_identify(rosbag/avoidance_bag_10) by extension 'ignore_ament_install'
[0.244s] Level 1:colcon.colcon_core.package_identification:_identify(rosbag/avoidance_bag_10) by extensions ['colcon_pkg']
[0.244s] Level 1:colcon.colcon_core.package_identification:_identify(rosbag/avoidance_bag_10) by extension 'colcon_pkg'
[0.244s] Level 1:colcon.colcon_core.package_identification:_identify(rosbag/avoidance_bag_10) by extensions ['colcon_meta']
[0.244s] Level 1:colcon.colcon_core.package_identification:_identify(rosbag/avoidance_bag_10) by extension 'colcon_meta'
[0.244s] Level 1:colcon.colcon_core.package_identification:_identify(rosbag/avoidance_bag_10) by extensions ['ros']
[0.244s] Level 1:colcon.colcon_core.package_identification:_identify(rosbag/avoidance_bag_10) by extension 'ros'
[0.245s] Level 1:colcon.colcon_core.package_identification:_identify(rosbag/avoidance_bag_10) by extensions ['cmake', 'python']
[0.245s] Level 1:colcon.colcon_core.package_identification:_identify(rosbag/avoidance_bag_10) by extension 'cmake'
[0.245s] Level 1:colcon.colcon_core.package_identification:_identify(rosbag/avoidance_bag_10) by extension 'python'
[0.245s] Level 1:colcon.colcon_core.package_identification:_identify(rosbag/avoidance_bag_10) by extensions ['python_setup_py']
[0.245s] Level 1:colcon.colcon_core.package_identification:_identify(rosbag/avoidance_bag_10) by extension 'python_setup_py'
[0.245s] Level 1:colcon.colcon_core.package_identification:_identify(rosbag/avoidance_bag_11) by extensions ['ignore', 'ignore_ament_install']
[0.245s] Level 1:colcon.colcon_core.package_identification:_identify(rosbag/avoidance_bag_11) by extension 'ignore'
[0.245s] Level 1:colcon.colcon_core.package_identification:_identify(rosbag/avoidance_bag_11) by extension 'ignore_ament_install'
[0.245s] Level 1:colcon.colcon_core.package_identification:_identify(rosbag/avoidance_bag_11) by extensions ['colcon_pkg']
[0.245s] Level 1:colcon.colcon_core.package_identification:_identify(rosbag/avoidance_bag_11) by extension 'colcon_pkg'
[0.245s] Level 1:colcon.colcon_core.package_identification:_identify(rosbag/avoidance_bag_11) by extensions ['colcon_meta']
[0.245s] Level 1:colcon.colcon_core.package_identification:_identify(rosbag/avoidance_bag_11) by extension 'colcon_meta'
[0.245s] Level 1:colcon.colcon_core.package_identification:_identify(rosbag/avoidance_bag_11) by extensions ['ros']
[0.245s] Level 1:colcon.colcon_core.package_identification:_identify(rosbag/avoidance_bag_11) by extension 'ros'
[0.245s] Level 1:colcon.colcon_core.package_identification:_identify(rosbag/avoidance_bag_11) by extensions ['cmake', 'python']
[0.245s] Level 1:colcon.colcon_core.package_identification:_identify(rosbag/avoidance_bag_11) by extension 'cmake'
[0.245s] Level 1:colcon.colcon_core.package_identification:_identify(rosbag/avoidance_bag_11) by extension 'python'
[0.245s] Level 1:colcon.colcon_core.package_identification:_identify(rosbag/avoidance_bag_11) by extensions ['python_setup_py']
[0.245s] Level 1:colcon.colcon_core.package_identification:_identify(rosbag/avoidance_bag_11) by extension 'python_setup_py'
[0.245s] Level 1:colcon.colcon_core.package_identification:_identify(rosbag/avoidance_bag_12) by extensions ['ignore', 'ignore_ament_install']
[0.245s] Level 1:colcon.colcon_core.package_identification:_identify(rosbag/avoidance_bag_12) by extension 'ignore'
[0.245s] Level 1:colcon.colcon_core.package_identification:_identify(rosbag/avoidance_bag_12) by extension 'ignore_ament_install'
[0.245s] Level 1:colcon.colcon_core.package_identification:_identify(rosbag/avoidance_bag_12) by extensions ['colcon_pkg']
[0.245s] Level 1:colcon.colcon_core.package_identification:_identify(rosbag/avoidance_bag_12) by extension 'colcon_pkg'
[0.245s] Level 1:colcon.colcon_core.package_identification:_identify(rosbag/avoidance_bag_12) by extensions ['colcon_meta']
[0.245s] Level 1:colcon.colcon_core.package_identification:_identify(rosbag/avoidance_bag_12) by extension 'colcon_meta'
[0.245s] Level 1:colcon.colcon_core.package_identification:_identify(rosbag/avoidance_bag_12) by extensions ['ros']
[0.245s] Level 1:colcon.colcon_core.package_identification:_identify(rosbag/avoidance_bag_12) by extension 'ros'
[0.245s] Level 1:colcon.colcon_core.package_identification:_identify(rosbag/avoidance_bag_12) by extensions ['cmake', 'python']
[0.245s] Level 1:colcon.colcon_core.package_identification:_identify(rosbag/avoidance_bag_12) by extension 'cmake'
[0.245s] Level 1:colcon.colcon_core.package_identification:_identify(rosbag/avoidance_bag_12) by extension 'python'
[0.245s] Level 1:colcon.colcon_core.package_identification:_identify(rosbag/avoidance_bag_12) by extensions ['python_setup_py']
[0.245s] Level 1:colcon.colcon_core.package_identification:_identify(rosbag/avoidance_bag_12) by extension 'python_setup_py'
[0.246s] Level 1:colcon.colcon_core.package_identification:_identify(rosbag/avoidance_bag_13) by extensions ['ignore', 'ignore_ament_install']
[0.246s] Level 1:colcon.colcon_core.package_identification:_identify(rosbag/avoidance_bag_13) by extension 'ignore'
[0.246s] Level 1:colcon.colcon_core.package_identification:_identify(rosbag/avoidance_bag_13) by extension 'ignore_ament_install'
[0.246s] Level 1:colcon.colcon_core.package_identification:_identify(rosbag/avoidance_bag_13) by extensions ['colcon_pkg']
[0.246s] Level 1:colcon.colcon_core.package_identification:_identify(rosbag/avoidance_bag_13) by extension 'colcon_pkg'
[0.246s] Level 1:colcon.colcon_core.package_identification:_identify(rosbag/avoidance_bag_13) by extensions ['colcon_meta']
[0.246s] Level 1:colcon.colcon_core.package_identification:_identify(rosbag/avoidance_bag_13) by extension 'colcon_meta'
[0.246s] Level 1:colcon.colcon_core.package_identification:_identify(rosbag/avoidance_bag_13) by extensions ['ros']
[0.246s] Level 1:colcon.colcon_core.package_identification:_identify(rosbag/avoidance_bag_13) by extension 'ros'
[0.246s] Level 1:colcon.colcon_core.package_identification:_identify(rosbag/avoidance_bag_13) by extensions ['cmake', 'python']
[0.246s] Level 1:colcon.colcon_core.package_identification:_identify(rosbag/avoidance_bag_13) by extension 'cmake'
[0.246s] Level 1:colcon.colcon_core.package_identification:_identify(rosbag/avoidance_bag_13) by extension 'python'
[0.246s] Level 1:colcon.colcon_core.package_identification:_identify(rosbag/avoidance_bag_13) by extensions ['python_setup_py']
[0.246s] Level 1:colcon.colcon_core.package_identification:_identify(rosbag/avoidance_bag_13) by extension 'python_setup_py'
[0.246s] Level 1:colcon.colcon_core.package_identification:_identify(rosbag/avoidance_bag_14) by extensions ['ignore', 'ignore_ament_install']
[0.246s] Level 1:colcon.colcon_core.package_identification:_identify(rosbag/avoidance_bag_14) by extension 'ignore'
[0.246s] Level 1:colcon.colcon_core.package_identification:_identify(rosbag/avoidance_bag_14) by extension 'ignore_ament_install'
[0.246s] Level 1:colcon.colcon_core.package_identification:_identify(rosbag/avoidance_bag_14) by extensions ['colcon_pkg']
[0.246s] Level 1:colcon.colcon_core.package_identification:_identify(rosbag/avoidance_bag_14) by extension 'colcon_pkg'
[0.246s] Level 1:colcon.colcon_core.package_identification:_identify(rosbag/avoidance_bag_14) by extensions ['colcon_meta']
[0.246s] Level 1:colcon.colcon_core.package_identification:_identify(rosbag/avoidance_bag_14) by extension 'colcon_meta'
[0.246s] Level 1:colcon.colcon_core.package_identification:_identify(rosbag/avoidance_bag_14) by extensions ['ros']
[0.246s] Level 1:colcon.colcon_core.package_identification:_identify(rosbag/avoidance_bag_14) by extension 'ros'
[0.246s] Level 1:colcon.colcon_core.package_identification:_identify(rosbag/avoidance_bag_14) by extensions ['cmake', 'python']
[0.246s] Level 1:colcon.colcon_core.package_identification:_identify(rosbag/avoidance_bag_14) by extension 'cmake'
[0.246s] Level 1:colcon.colcon_core.package_identification:_identify(rosbag/avoidance_bag_14) by extension 'python'
[0.246s] Level 1:colcon.colcon_core.package_identification:_identify(rosbag/avoidance_bag_14) by extensions ['python_setup_py']
[0.246s] Level 1:colcon.colcon_core.package_identification:_identify(rosbag/avoidance_bag_14) by extension 'python_setup_py'
[0.246s] Level 1:colcon.colcon_core.package_identification:_identify(rosbag/avoidance_bag_15) by extensions ['ignore', 'ignore_ament_install']
[0.246s] Level 1:colcon.colcon_core.package_identification:_identify(rosbag/avoidance_bag_15) by extension 'ignore'
[0.246s] Level 1:colcon.colcon_core.package_identification:_identify(rosbag/avoidance_bag_15) by extension 'ignore_ament_install'
[0.246s] Level 1:colcon.colcon_core.package_identification:_identify(rosbag/avoidance_bag_15) by extensions ['colcon_pkg']
[0.246s] Level 1:colcon.colcon_core.package_identification:_identify(rosbag/avoidance_bag_15) by extension 'colcon_pkg'
[0.246s] Level 1:colcon.colcon_core.package_identification:_identify(rosbag/avoidance_bag_15) by extensions ['colcon_meta']
[0.246s] Level 1:colcon.colcon_core.package_identification:_identify(rosbag/avoidance_bag_15) by extension 'colcon_meta'
[0.246s] Level 1:colcon.colcon_core.package_identification:_identify(rosbag/avoidance_bag_15) by extensions ['ros']
[0.246s] Level 1:colcon.colcon_core.package_identification:_identify(rosbag/avoidance_bag_15) by extension 'ros'
[0.246s] Level 1:colcon.colcon_core.package_identification:_identify(rosbag/avoidance_bag_15) by extensions ['cmake', 'python']
[0.246s] Level 1:colcon.colcon_core.package_identification:_identify(rosbag/avoidance_bag_15) by extension 'cmake'
[0.246s] Level 1:colcon.colcon_core.package_identification:_identify(rosbag/avoidance_bag_15) by extension 'python'
[0.246s] Level 1:colcon.colcon_core.package_identification:_identify(rosbag/avoidance_bag_15) by extensions ['python_setup_py']
[0.246s] Level 1:colcon.colcon_core.package_identification:_identify(rosbag/avoidance_bag_15) by extension 'python_setup_py'
[0.246s] Level 1:colcon.colcon_core.package_identification:_identify(rosbag/avoidance_bag_16) by extensions ['ignore', 'ignore_ament_install']
[0.247s] Level 1:colcon.colcon_core.package_identification:_identify(rosbag/avoidance_bag_16) by extension 'ignore'
[0.247s] Level 1:colcon.colcon_core.package_identification:_identify(rosbag/avoidance_bag_16) by extension 'ignore_ament_install'
[0.247s] Level 1:colcon.colcon_core.package_identification:_identify(rosbag/avoidance_bag_16) by extensions ['colcon_pkg']
[0.247s] Level 1:colcon.colcon_core.package_identification:_identify(rosbag/avoidance_bag_16) by extension 'colcon_pkg'
[0.247s] Level 1:colcon.colcon_core.package_identification:_identify(rosbag/avoidance_bag_16) by extensions ['colcon_meta']
[0.247s] Level 1:colcon.colcon_core.package_identification:_identify(rosbag/avoidance_bag_16) by extension 'colcon_meta'
[0.247s] Level 1:colcon.colcon_core.package_identification:_identify(rosbag/avoidance_bag_16) by extensions ['ros']
[0.247s] Level 1:colcon.colcon_core.package_identification:_identify(rosbag/avoidance_bag_16) by extension 'ros'
[0.247s] Level 1:colcon.colcon_core.package_identification:_identify(rosbag/avoidance_bag_16) by extensions ['cmake', 'python']
[0.247s] Level 1:colcon.colcon_core.package_identification:_identify(rosbag/avoidance_bag_16) by extension 'cmake'
[0.247s] Level 1:colcon.colcon_core.package_identification:_identify(rosbag/avoidance_bag_16) by extension 'python'
[0.247s] Level 1:colcon.colcon_core.package_identification:_identify(rosbag/avoidance_bag_16) by extensions ['python_setup_py']
[0.247s] Level 1:colcon.colcon_core.package_identification:_identify(rosbag/avoidance_bag_16) by extension 'python_setup_py'
[0.247s] Level 1:colcon.colcon_core.package_identification:_identify(rosbag/avoidance_bag_17) by extensions ['ignore', 'ignore_ament_install']
[0.247s] Level 1:colcon.colcon_core.package_identification:_identify(rosbag/avoidance_bag_17) by extension 'ignore'
[0.247s] Level 1:colcon.colcon_core.package_identification:_identify(rosbag/avoidance_bag_17) by extension 'ignore_ament_install'
[0.247s] Level 1:colcon.colcon_core.package_identification:_identify(rosbag/avoidance_bag_17) by extensions ['colcon_pkg']
[0.247s] Level 1:colcon.colcon_core.package_identification:_identify(rosbag/avoidance_bag_17) by extension 'colcon_pkg'
[0.247s] Level 1:colcon.colcon_core.package_identification:_identify(rosbag/avoidance_bag_17) by extensions ['colcon_meta']
[0.247s] Level 1:colcon.colcon_core.package_identification:_identify(rosbag/avoidance_bag_17) by extension 'colcon_meta'
[0.247s] Level 1:colcon.colcon_core.package_identification:_identify(rosbag/avoidance_bag_17) by extensions ['ros']
[0.247s] Level 1:colcon.colcon_core.package_identification:_identify(rosbag/avoidance_bag_17) by extension 'ros'
[0.247s] Level 1:colcon.colcon_core.package_identification:_identify(rosbag/avoidance_bag_17) by extensions ['cmake', 'python']
[0.247s] Level 1:colcon.colcon_core.package_identification:_identify(rosbag/avoidance_bag_17) by extension 'cmake'
[0.247s] Level 1:colcon.colcon_core.package_identification:_identify(rosbag/avoidance_bag_17) by extension 'python'
[0.247s] Level 1:colcon.colcon_core.package_identification:_identify(rosbag/avoidance_bag_17) by extensions ['python_setup_py']
[0.247s] Level 1:colcon.colcon_core.package_identification:_identify(rosbag/avoidance_bag_17) by extension 'python_setup_py'
[0.247s] Level 1:colcon.colcon_core.package_identification:_identify(rosbag/avoidance_bag_18) by extensions ['ignore', 'ignore_ament_install']
[0.247s] Level 1:colcon.colcon_core.package_identification:_identify(rosbag/avoidance_bag_18) by extension 'ignore'
[0.247s] Level 1:colcon.colcon_core.package_identification:_identify(rosbag/avoidance_bag_18) by extension 'ignore_ament_install'
[0.247s] Level 1:colcon.colcon_core.package_identification:_identify(rosbag/avoidance_bag_18) by extensions ['colcon_pkg']
[0.247s] Level 1:colcon.colcon_core.package_identification:_identify(rosbag/avoidance_bag_18) by extension 'colcon_pkg'
[0.247s] Level 1:colcon.colcon_core.package_identification:_identify(rosbag/avoidance_bag_18) by extensions ['colcon_meta']
[0.247s] Level 1:colcon.colcon_core.package_identification:_identify(rosbag/avoidance_bag_18) by extension 'colcon_meta'
[0.247s] Level 1:colcon.colcon_core.package_identification:_identify(rosbag/avoidance_bag_18) by extensions ['ros']
[0.247s] Level 1:colcon.colcon_core.package_identification:_identify(rosbag/avoidance_bag_18) by extension 'ros'
[0.247s] Level 1:colcon.colcon_core.package_identification:_identify(rosbag/avoidance_bag_18) by extensions ['cmake', 'python']
[0.247s] Level 1:colcon.colcon_core.package_identification:_identify(rosbag/avoidance_bag_18) by extension 'cmake'
[0.247s] Level 1:colcon.colcon_core.package_identification:_identify(rosbag/avoidance_bag_18) by extension 'python'
[0.247s] Level 1:colcon.colcon_core.package_identification:_identify(rosbag/avoidance_bag_18) by extensions ['python_setup_py']
[0.247s] Level 1:colcon.colcon_core.package_identification:_identify(rosbag/avoidance_bag_18) by extension 'python_setup_py'
[0.247s] Level 1:colcon.colcon_core.package_identification:_identify(rosbag/avoidance_bag_19) by extensions ['ignore', 'ignore_ament_install']
[0.247s] Level 1:colcon.colcon_core.package_identification:_identify(rosbag/avoidance_bag_19) by extension 'ignore'
[0.247s] Level 1:colcon.colcon_core.package_identification:_identify(rosbag/avoidance_bag_19) by extension 'ignore_ament_install'
[0.247s] Level 1:colcon.colcon_core.package_identification:_identify(rosbag/avoidance_bag_19) by extensions ['colcon_pkg']
[0.248s] Level 1:colcon.colcon_core.package_identification:_identify(rosbag/avoidance_bag_19) by extension 'colcon_pkg'
[0.248s] Level 1:colcon.colcon_core.package_identification:_identify(rosbag/avoidance_bag_19) by extensions ['colcon_meta']
[0.248s] Level 1:colcon.colcon_core.package_identification:_identify(rosbag/avoidance_bag_19) by extension 'colcon_meta'
[0.248s] Level 1:colcon.colcon_core.package_identification:_identify(rosbag/avoidance_bag_19) by extensions ['ros']
[0.248s] Level 1:colcon.colcon_core.package_identification:_identify(rosbag/avoidance_bag_19) by extension 'ros'
[0.248s] Level 1:colcon.colcon_core.package_identification:_identify(rosbag/avoidance_bag_19) by extensions ['cmake', 'python']
[0.248s] Level 1:colcon.colcon_core.package_identification:_identify(rosbag/avoidance_bag_19) by extension 'cmake'
[0.248s] Level 1:colcon.colcon_core.package_identification:_identify(rosbag/avoidance_bag_19) by extension 'python'
[0.248s] Level 1:colcon.colcon_core.package_identification:_identify(rosbag/avoidance_bag_19) by extensions ['python_setup_py']
[0.248s] Level 1:colcon.colcon_core.package_identification:_identify(rosbag/avoidance_bag_19) by extension 'python_setup_py'
[0.248s] Level 1:colcon.colcon_core.package_identification:_identify(rosbag/avoidance_bag_20) by extensions ['ignore', 'ignore_ament_install']
[0.248s] Level 1:colcon.colcon_core.package_identification:_identify(rosbag/avoidance_bag_20) by extension 'ignore'
[0.248s] Level 1:colcon.colcon_core.package_identification:_identify(rosbag/avoidance_bag_20) by extension 'ignore_ament_install'
[0.248s] Level 1:colcon.colcon_core.package_identification:_identify(rosbag/avoidance_bag_20) by extensions ['colcon_pkg']
[0.248s] Level 1:colcon.colcon_core.package_identification:_identify(rosbag/avoidance_bag_20) by extension 'colcon_pkg'
[0.248s] Level 1:colcon.colcon_core.package_identification:_identify(rosbag/avoidance_bag_20) by extensions ['colcon_meta']
[0.248s] Level 1:colcon.colcon_core.package_identification:_identify(rosbag/avoidance_bag_20) by extension 'colcon_meta'
[0.248s] Level 1:colcon.colcon_core.package_identification:_identify(rosbag/avoidance_bag_20) by extensions ['ros']
[0.248s] Level 1:colcon.colcon_core.package_identification:_identify(rosbag/avoidance_bag_20) by extension 'ros'
[0.248s] Level 1:colcon.colcon_core.package_identification:_identify(rosbag/avoidance_bag_20) by extensions ['cmake', 'python']
[0.248s] Level 1:colcon.colcon_core.package_identification:_identify(rosbag/avoidance_bag_20) by extension 'cmake'
[0.248s] Level 1:colcon.colcon_core.package_identification:_identify(rosbag/avoidance_bag_20) by extension 'python'
[0.248s] Level 1:colcon.colcon_core.package_identification:_identify(rosbag/avoidance_bag_20) by extensions ['python_setup_py']
[0.248s] Level 1:colcon.colcon_core.package_identification:_identify(rosbag/avoidance_bag_20) by extension 'python_setup_py'
[0.248s] Level 1:colcon.colcon_core.package_identification:_identify(rosbag/avoidance_bag_21) by extensions ['ignore', 'ignore_ament_install']
[0.248s] Level 1:colcon.colcon_core.package_identification:_identify(rosbag/avoidance_bag_21) by extension 'ignore'
[0.248s] Level 1:colcon.colcon_core.package_identification:_identify(rosbag/avoidance_bag_21) by extension 'ignore_ament_install'
[0.248s] Level 1:colcon.colcon_core.package_identification:_identify(rosbag/avoidance_bag_21) by extensions ['colcon_pkg']
[0.248s] Level 1:colcon.colcon_core.package_identification:_identify(rosbag/avoidance_bag_21) by extension 'colcon_pkg'
[0.248s] Level 1:colcon.colcon_core.package_identification:_identify(rosbag/avoidance_bag_21) by extensions ['colcon_meta']
[0.248s] Level 1:colcon.colcon_core.package_identification:_identify(rosbag/avoidance_bag_21) by extension 'colcon_meta'
[0.248s] Level 1:colcon.colcon_core.package_identification:_identify(rosbag/avoidance_bag_21) by extensions ['ros']
[0.248s] Level 1:colcon.colcon_core.package_identification:_identify(rosbag/avoidance_bag_21) by extension 'ros'
[0.248s] Level 1:colcon.colcon_core.package_identification:_identify(rosbag/avoidance_bag_21) by extensions ['cmake', 'python']
[0.248s] Level 1:colcon.colcon_core.package_identification:_identify(rosbag/avoidance_bag_21) by extension 'cmake'
[0.248s] Level 1:colcon.colcon_core.package_identification:_identify(rosbag/avoidance_bag_21) by extension 'python'
[0.248s] Level 1:colcon.colcon_core.package_identification:_identify(rosbag/avoidance_bag_21) by extensions ['python_setup_py']
[0.248s] Level 1:colcon.colcon_core.package_identification:_identify(rosbag/avoidance_bag_21) by extension 'python_setup_py'
[0.248s] Level 1:colcon.colcon_core.package_identification:_identify(rosbag/avoidance_bag_22) by extensions ['ignore', 'ignore_ament_install']
[0.248s] Level 1:colcon.colcon_core.package_identification:_identify(rosbag/avoidance_bag_22) by extension 'ignore'
[0.248s] Level 1:colcon.colcon_core.package_identification:_identify(rosbag/avoidance_bag_22) by extension 'ignore_ament_install'
[0.248s] Level 1:colcon.colcon_core.package_identification:_identify(rosbag/avoidance_bag_22) by extensions ['colcon_pkg']
[0.248s] Level 1:colcon.colcon_core.package_identification:_identify(rosbag/avoidance_bag_22) by extension 'colcon_pkg'
[0.248s] Level 1:colcon.colcon_core.package_identification:_identify(rosbag/avoidance_bag_22) by extensions ['colcon_meta']
[0.248s] Level 1:colcon.colcon_core.package_identification:_identify(rosbag/avoidance_bag_22) by extension 'colcon_meta'
[0.248s] Level 1:colcon.colcon_core.package_identification:_identify(rosbag/avoidance_bag_22) by extensions ['ros']
[0.248s] Level 1:colcon.colcon_core.package_identification:_identify(rosbag/avoidance_bag_22) by extension 'ros'
[0.249s] Level 1:colcon.colcon_core.package_identification:_identify(rosbag/avoidance_bag_22) by extensions ['cmake', 'python']
[0.249s] Level 1:colcon.colcon_core.package_identification:_identify(rosbag/avoidance_bag_22) by extension 'cmake'
[0.249s] Level 1:colcon.colcon_core.package_identification:_identify(rosbag/avoidance_bag_22) by extension 'python'
[0.249s] Level 1:colcon.colcon_core.package_identification:_identify(rosbag/avoidance_bag_22) by extensions ['python_setup_py']
[0.249s] Level 1:colcon.colcon_core.package_identification:_identify(rosbag/avoidance_bag_22) by extension 'python_setup_py'
[0.249s] Level 1:colcon.colcon_core.package_identification:_identify(rosbag/avoidance_bag_40) by extensions ['ignore', 'ignore_ament_install']
[0.249s] Level 1:colcon.colcon_core.package_identification:_identify(rosbag/avoidance_bag_40) by extension 'ignore'
[0.249s] Level 1:colcon.colcon_core.package_identification:_identify(rosbag/avoidance_bag_40) by extension 'ignore_ament_install'
[0.249s] Level 1:colcon.colcon_core.package_identification:_identify(rosbag/avoidance_bag_40) by extensions ['colcon_pkg']
[0.249s] Level 1:colcon.colcon_core.package_identification:_identify(rosbag/avoidance_bag_40) by extension 'colcon_pkg'
[0.249s] Level 1:colcon.colcon_core.package_identification:_identify(rosbag/avoidance_bag_40) by extensions ['colcon_meta']
[0.249s] Level 1:colcon.colcon_core.package_identification:_identify(rosbag/avoidance_bag_40) by extension 'colcon_meta'
[0.249s] Level 1:colcon.colcon_core.package_identification:_identify(rosbag/avoidance_bag_40) by extensions ['ros']
[0.249s] Level 1:colcon.colcon_core.package_identification:_identify(rosbag/avoidance_bag_40) by extension 'ros'
[0.249s] Level 1:colcon.colcon_core.package_identification:_identify(rosbag/avoidance_bag_40) by extensions ['cmake', 'python']
[0.249s] Level 1:colcon.colcon_core.package_identification:_identify(rosbag/avoidance_bag_40) by extension 'cmake'
[0.249s] Level 1:colcon.colcon_core.package_identification:_identify(rosbag/avoidance_bag_40) by extension 'python'
[0.249s] Level 1:colcon.colcon_core.package_identification:_identify(rosbag/avoidance_bag_40) by extensions ['python_setup_py']
[0.249s] Level 1:colcon.colcon_core.package_identification:_identify(rosbag/avoidance_bag_40) by extension 'python_setup_py'
[0.249s] Level 1:colcon.colcon_core.package_identification:_identify(rosbag/avoidance_bag_41) by extensions ['ignore', 'ignore_ament_install']
[0.249s] Level 1:colcon.colcon_core.package_identification:_identify(rosbag/avoidance_bag_41) by extension 'ignore'
[0.249s] Level 1:colcon.colcon_core.package_identification:_identify(rosbag/avoidance_bag_41) by extension 'ignore_ament_install'
[0.249s] Level 1:colcon.colcon_core.package_identification:_identify(rosbag/avoidance_bag_41) by extensions ['colcon_pkg']
[0.249s] Level 1:colcon.colcon_core.package_identification:_identify(rosbag/avoidance_bag_41) by extension 'colcon_pkg'
[0.249s] Level 1:colcon.colcon_core.package_identification:_identify(rosbag/avoidance_bag_41) by extensions ['colcon_meta']
[0.249s] Level 1:colcon.colcon_core.package_identification:_identify(rosbag/avoidance_bag_41) by extension 'colcon_meta'
[0.249s] Level 1:colcon.colcon_core.package_identification:_identify(rosbag/avoidance_bag_41) by extensions ['ros']
[0.249s] Level 1:colcon.colcon_core.package_identification:_identify(rosbag/avoidance_bag_41) by extension 'ros'
[0.249s] Level 1:colcon.colcon_core.package_identification:_identify(rosbag/avoidance_bag_41) by extensions ['cmake', 'python']
[0.249s] Level 1:colcon.colcon_core.package_identification:_identify(rosbag/avoidance_bag_41) by extension 'cmake'
[0.249s] Level 1:colcon.colcon_core.package_identification:_identify(rosbag/avoidance_bag_41) by extension 'python'
[0.249s] Level 1:colcon.colcon_core.package_identification:_identify(rosbag/avoidance_bag_41) by extensions ['python_setup_py']
[0.249s] Level 1:colcon.colcon_core.package_identification:_identify(rosbag/avoidance_bag_41) by extension 'python_setup_py'
[0.249s] Level 1:colcon.colcon_core.package_identification:_identify(rosbag/avoidance_bag_42) by extensions ['ignore', 'ignore_ament_install']
[0.249s] Level 1:colcon.colcon_core.package_identification:_identify(rosbag/avoidance_bag_42) by extension 'ignore'
[0.249s] Level 1:colcon.colcon_core.package_identification:_identify(rosbag/avoidance_bag_42) by extension 'ignore_ament_install'
[0.249s] Level 1:colcon.colcon_core.package_identification:_identify(rosbag/avoidance_bag_42) by extensions ['colcon_pkg']
[0.249s] Level 1:colcon.colcon_core.package_identification:_identify(rosbag/avoidance_bag_42) by extension 'colcon_pkg'
[0.249s] Level 1:colcon.colcon_core.package_identification:_identify(rosbag/avoidance_bag_42) by extensions ['colcon_meta']
[0.249s] Level 1:colcon.colcon_core.package_identification:_identify(rosbag/avoidance_bag_42) by extension 'colcon_meta'
[0.249s] Level 1:colcon.colcon_core.package_identification:_identify(rosbag/avoidance_bag_42) by extensions ['ros']
[0.249s] Level 1:colcon.colcon_core.package_identification:_identify(rosbag/avoidance_bag_42) by extension 'ros'
[0.249s] Level 1:colcon.colcon_core.package_identification:_identify(rosbag/avoidance_bag_42) by extensions ['cmake', 'python']
[0.250s] Level 1:colcon.colcon_core.package_identification:_identify(rosbag/avoidance_bag_42) by extension 'cmake'
[0.250s] Level 1:colcon.colcon_core.package_identification:_identify(rosbag/avoidance_bag_42) by extension 'python'
[0.250s] Level 1:colcon.colcon_core.package_identification:_identify(rosbag/avoidance_bag_42) by extensions ['python_setup_py']
[0.250s] Level 1:colcon.colcon_core.package_identification:_identify(rosbag/avoidance_bag_42) by extension 'python_setup_py'
[0.250s] Level 1:colcon.colcon_core.package_identification:_identify(rosbag/avoidance_bag_43) by extensions ['ignore', 'ignore_ament_install']
[0.250s] Level 1:colcon.colcon_core.package_identification:_identify(rosbag/avoidance_bag_43) by extension 'ignore'
[0.250s] Level 1:colcon.colcon_core.package_identification:_identify(rosbag/avoidance_bag_43) by extension 'ignore_ament_install'
[0.250s] Level 1:colcon.colcon_core.package_identification:_identify(rosbag/avoidance_bag_43) by extensions ['colcon_pkg']
[0.250s] Level 1:colcon.colcon_core.package_identification:_identify(rosbag/avoidance_bag_43) by extension 'colcon_pkg'
[0.250s] Level 1:colcon.colcon_core.package_identification:_identify(rosbag/avoidance_bag_43) by extensions ['colcon_meta']
[0.250s] Level 1:colcon.colcon_core.package_identification:_identify(rosbag/avoidance_bag_43) by extension 'colcon_meta'
[0.250s] Level 1:colcon.colcon_core.package_identification:_identify(rosbag/avoidance_bag_43) by extensions ['ros']
[0.250s] Level 1:colcon.colcon_core.package_identification:_identify(rosbag/avoidance_bag_43) by extension 'ros'
[0.250s] Level 1:colcon.colcon_core.package_identification:_identify(rosbag/avoidance_bag_43) by extensions ['cmake', 'python']
[0.250s] Level 1:colcon.colcon_core.package_identification:_identify(rosbag/avoidance_bag_43) by extension 'cmake'
[0.250s] Level 1:colcon.colcon_core.package_identification:_identify(rosbag/avoidance_bag_43) by extension 'python'
[0.250s] Level 1:colcon.colcon_core.package_identification:_identify(rosbag/avoidance_bag_43) by extensions ['python_setup_py']
[0.250s] Level 1:colcon.colcon_core.package_identification:_identify(rosbag/avoidance_bag_43) by extension 'python_setup_py'
[0.250s] Level 1:colcon.colcon_core.package_identification:_identify(rosbag/avoidance_bag_44) by extensions ['ignore', 'ignore_ament_install']
[0.250s] Level 1:colcon.colcon_core.package_identification:_identify(rosbag/avoidance_bag_44) by extension 'ignore'
[0.250s] Level 1:colcon.colcon_core.package_identification:_identify(rosbag/avoidance_bag_44) by extension 'ignore_ament_install'
[0.250s] Level 1:colcon.colcon_core.package_identification:_identify(rosbag/avoidance_bag_44) by extensions ['colcon_pkg']
[0.250s] Level 1:colcon.colcon_core.package_identification:_identify(rosbag/avoidance_bag_44) by extension 'colcon_pkg'
[0.250s] Level 1:colcon.colcon_core.package_identification:_identify(rosbag/avoidance_bag_44) by extensions ['colcon_meta']
[0.250s] Level 1:colcon.colcon_core.package_identification:_identify(rosbag/avoidance_bag_44) by extension 'colcon_meta'
[0.250s] Level 1:colcon.colcon_core.package_identification:_identify(rosbag/avoidance_bag_44) by extensions ['ros']
[0.250s] Level 1:colcon.colcon_core.package_identification:_identify(rosbag/avoidance_bag_44) by extension 'ros'
[0.250s] Level 1:colcon.colcon_core.package_identification:_identify(rosbag/avoidance_bag_44) by extensions ['cmake', 'python']
[0.250s] Level 1:colcon.colcon_core.package_identification:_identify(rosbag/avoidance_bag_44) by extension 'cmake'
[0.250s] Level 1:colcon.colcon_core.package_identification:_identify(rosbag/avoidance_bag_44) by extension 'python'
[0.250s] Level 1:colcon.colcon_core.package_identification:_identify(rosbag/avoidance_bag_44) by extensions ['python_setup_py']
[0.250s] Level 1:colcon.colcon_core.package_identification:_identify(rosbag/avoidance_bag_44) by extension 'python_setup_py'
[0.250s] Level 1:colcon.colcon_core.package_identification:_identify(rosbag/avoidance_bag_47) by extensions ['ignore', 'ignore_ament_install']
[0.250s] Level 1:colcon.colcon_core.package_identification:_identify(rosbag/avoidance_bag_47) by extension 'ignore'
[0.250s] Level 1:colcon.colcon_core.package_identification:_identify(rosbag/avoidance_bag_47) by extension 'ignore_ament_install'
[0.250s] Level 1:colcon.colcon_core.package_identification:_identify(rosbag/avoidance_bag_47) by extensions ['colcon_pkg']
[0.250s] Level 1:colcon.colcon_core.package_identification:_identify(rosbag/avoidance_bag_47) by extension 'colcon_pkg'
[0.250s] Level 1:colcon.colcon_core.package_identification:_identify(rosbag/avoidance_bag_47) by extensions ['colcon_meta']
[0.250s] Level 1:colcon.colcon_core.package_identification:_identify(rosbag/avoidance_bag_47) by extension 'colcon_meta'
[0.250s] Level 1:colcon.colcon_core.package_identification:_identify(rosbag/avoidance_bag_47) by extensions ['ros']
[0.250s] Level 1:colcon.colcon_core.package_identification:_identify(rosbag/avoidance_bag_47) by extension 'ros'
[0.250s] Level 1:colcon.colcon_core.package_identification:_identify(rosbag/avoidance_bag_47) by extensions ['cmake', 'python']
[0.250s] Level 1:colcon.colcon_core.package_identification:_identify(rosbag/avoidance_bag_47) by extension 'cmake'
[0.251s] Level 1:colcon.colcon_core.package_identification:_identify(rosbag/avoidance_bag_47) by extension 'python'
[0.251s] Level 1:colcon.colcon_core.package_identification:_identify(rosbag/avoidance_bag_47) by extensions ['python_setup_py']
[0.251s] Level 1:colcon.colcon_core.package_identification:_identify(rosbag/avoidance_bag_47) by extension 'python_setup_py'
[0.251s] Level 1:colcon.colcon_core.package_identification:_identify(rosbag/avoidance_bag_48) by extensions ['ignore', 'ignore_ament_install']
[0.251s] Level 1:colcon.colcon_core.package_identification:_identify(rosbag/avoidance_bag_48) by extension 'ignore'
[0.251s] Level 1:colcon.colcon_core.package_identification:_identify(rosbag/avoidance_bag_48) by extension 'ignore_ament_install'
[0.251s] Level 1:colcon.colcon_core.package_identification:_identify(rosbag/avoidance_bag_48) by extensions ['colcon_pkg']
[0.251s] Level 1:colcon.colcon_core.package_identification:_identify(rosbag/avoidance_bag_48) by extension 'colcon_pkg'
[0.251s] Level 1:colcon.colcon_core.package_identification:_identify(rosbag/avoidance_bag_48) by extensions ['colcon_meta']
[0.251s] Level 1:colcon.colcon_core.package_identification:_identify(rosbag/avoidance_bag_48) by extension 'colcon_meta'
[0.251s] Level 1:colcon.colcon_core.package_identification:_identify(rosbag/avoidance_bag_48) by extensions ['ros']
[0.251s] Level 1:colcon.colcon_core.package_identification:_identify(rosbag/avoidance_bag_48) by extension 'ros'
[0.251s] Level 1:colcon.colcon_core.package_identification:_identify(rosbag/avoidance_bag_48) by extensions ['cmake', 'python']
[0.251s] Level 1:colcon.colcon_core.package_identification:_identify(rosbag/avoidance_bag_48) by extension 'cmake'
[0.251s] Level 1:colcon.colcon_core.package_identification:_identify(rosbag/avoidance_bag_48) by extension 'python'
[0.251s] Level 1:colcon.colcon_core.package_identification:_identify(rosbag/avoidance_bag_48) by extensions ['python_setup_py']
[0.251s] Level 1:colcon.colcon_core.package_identification:_identify(rosbag/avoidance_bag_48) by extension 'python_setup_py'
[0.251s] Level 1:colcon.colcon_core.package_identification:_identify(rosbag/avoidance_bag_49) by extensions ['ignore', 'ignore_ament_install']
[0.251s] Level 1:colcon.colcon_core.package_identification:_identify(rosbag/avoidance_bag_49) by extension 'ignore'
[0.251s] Level 1:colcon.colcon_core.package_identification:_identify(rosbag/avoidance_bag_49) by extension 'ignore_ament_install'
[0.251s] Level 1:colcon.colcon_core.package_identification:_identify(rosbag/avoidance_bag_49) by extensions ['colcon_pkg']
[0.251s] Level 1:colcon.colcon_core.package_identification:_identify(rosbag/avoidance_bag_49) by extension 'colcon_pkg'
[0.251s] Level 1:colcon.colcon_core.package_identification:_identify(rosbag/avoidance_bag_49) by extensions ['colcon_meta']
[0.251s] Level 1:colcon.colcon_core.package_identification:_identify(rosbag/avoidance_bag_49) by extension 'colcon_meta'
[0.251s] Level 1:colcon.colcon_core.package_identification:_identify(rosbag/avoidance_bag_49) by extensions ['ros']
[0.251s] Level 1:colcon.colcon_core.package_identification:_identify(rosbag/avoidance_bag_49) by extension 'ros'
[0.251s] Level 1:colcon.colcon_core.package_identification:_identify(rosbag/avoidance_bag_49) by extensions ['cmake', 'python']
[0.251s] Level 1:colcon.colcon_core.package_identification:_identify(rosbag/avoidance_bag_49) by extension 'cmake'
[0.251s] Level 1:colcon.colcon_core.package_identification:_identify(rosbag/avoidance_bag_49) by extension 'python'
[0.251s] Level 1:colcon.colcon_core.package_identification:_identify(rosbag/avoidance_bag_49) by extensions ['python_setup_py']
[0.251s] Level 1:colcon.colcon_core.package_identification:_identify(rosbag/avoidance_bag_49) by extension 'python_setup_py'
[0.251s] Level 1:colcon.colcon_core.package_identification:_identify(rosbag/avoidance_bag_50) by extensions ['ignore', 'ignore_ament_install']
[0.251s] Level 1:colcon.colcon_core.package_identification:_identify(rosbag/avoidance_bag_50) by extension 'ignore'
[0.251s] Level 1:colcon.colcon_core.package_identification:_identify(rosbag/avoidance_bag_50) by extension 'ignore_ament_install'
[0.251s] Level 1:colcon.colcon_core.package_identification:_identify(rosbag/avoidance_bag_50) by extensions ['colcon_pkg']
[0.251s] Level 1:colcon.colcon_core.package_identification:_identify(rosbag/avoidance_bag_50) by extension 'colcon_pkg'
[0.251s] Level 1:colcon.colcon_core.package_identification:_identify(rosbag/avoidance_bag_50) by extensions ['colcon_meta']
[0.251s] Level 1:colcon.colcon_core.package_identification:_identify(rosbag/avoidance_bag_50) by extension 'colcon_meta'
[0.251s] Level 1:colcon.colcon_core.package_identification:_identify(rosbag/avoidance_bag_50) by extensions ['ros']
[0.251s] Level 1:colcon.colcon_core.package_identification:_identify(rosbag/avoidance_bag_50) by extension 'ros'
[0.251s] Level 1:colcon.colcon_core.package_identification:_identify(rosbag/avoidance_bag_50) by extensions ['cmake', 'python']
[0.251s] Level 1:colcon.colcon_core.package_identification:_identify(rosbag/avoidance_bag_50) by extension 'cmake'
[0.251s] Level 1:colcon.colcon_core.package_identification:_identify(rosbag/avoidance_bag_50) by extension 'python'
[0.251s] Level 1:colcon.colcon_core.package_identification:_identify(rosbag/avoidance_bag_50) by extensions ['python_setup_py']
[0.251s] Level 1:colcon.colcon_core.package_identification:_identify(rosbag/avoidance_bag_50) by extension 'python_setup_py'
[0.252s] Level 1:colcon.colcon_core.package_identification:_identify(rosbag/avoidance_bag_51) by extensions ['ignore', 'ignore_ament_install']
[0.252s] Level 1:colcon.colcon_core.package_identification:_identify(rosbag/avoidance_bag_51) by extension 'ignore'
[0.252s] Level 1:colcon.colcon_core.package_identification:_identify(rosbag/avoidance_bag_51) by extension 'ignore_ament_install'
[0.252s] Level 1:colcon.colcon_core.package_identification:_identify(rosbag/avoidance_bag_51) by extensions ['colcon_pkg']
[0.252s] Level 1:colcon.colcon_core.package_identification:_identify(rosbag/avoidance_bag_51) by extension 'colcon_pkg'
[0.252s] Level 1:colcon.colcon_core.package_identification:_identify(rosbag/avoidance_bag_51) by extensions ['colcon_meta']
[0.252s] Level 1:colcon.colcon_core.package_identification:_identify(rosbag/avoidance_bag_51) by extension 'colcon_meta'
[0.252s] Level 1:colcon.colcon_core.package_identification:_identify(rosbag/avoidance_bag_51) by extensions ['ros']
[0.252s] Level 1:colcon.colcon_core.package_identification:_identify(rosbag/avoidance_bag_51) by extension 'ros'
[0.252s] Level 1:colcon.colcon_core.package_identification:_identify(rosbag/avoidance_bag_51) by extensions ['cmake', 'python']
[0.252s] Level 1:colcon.colcon_core.package_identification:_identify(rosbag/avoidance_bag_51) by extension 'cmake'
[0.252s] Level 1:colcon.colcon_core.package_identification:_identify(rosbag/avoidance_bag_51) by extension 'python'
[0.252s] Level 1:colcon.colcon_core.package_identification:_identify(rosbag/avoidance_bag_51) by extensions ['python_setup_py']
[0.252s] Level 1:colcon.colcon_core.package_identification:_identify(rosbag/avoidance_bag_51) by extension 'python_setup_py'
[0.252s] Level 1:colcon.colcon_core.package_identification:_identify(rosbag/avoidance_bag_52) by extensions ['ignore', 'ignore_ament_install']
[0.252s] Level 1:colcon.colcon_core.package_identification:_identify(rosbag/avoidance_bag_52) by extension 'ignore'
[0.252s] Level 1:colcon.colcon_core.package_identification:_identify(rosbag/avoidance_bag_52) by extension 'ignore_ament_install'
[0.252s] Level 1:colcon.colcon_core.package_identification:_identify(rosbag/avoidance_bag_52) by extensions ['colcon_pkg']
[0.252s] Level 1:colcon.colcon_core.package_identification:_identify(rosbag/avoidance_bag_52) by extension 'colcon_pkg'
[0.252s] Level 1:colcon.colcon_core.package_identification:_identify(rosbag/avoidance_bag_52) by extensions ['colcon_meta']
[0.252s] Level 1:colcon.colcon_core.package_identification:_identify(rosbag/avoidance_bag_52) by extension 'colcon_meta'
[0.252s] Level 1:colcon.colcon_core.package_identification:_identify(rosbag/avoidance_bag_52) by extensions ['ros']
[0.252s] Level 1:colcon.colcon_core.package_identification:_identify(rosbag/avoidance_bag_52) by extension 'ros'
[0.252s] Level 1:colcon.colcon_core.package_identification:_identify(rosbag/avoidance_bag_52) by extensions ['cmake', 'python']
[0.252s] Level 1:colcon.colcon_core.package_identification:_identify(rosbag/avoidance_bag_52) by extension 'cmake'
[0.252s] Level 1:colcon.colcon_core.package_identification:_identify(rosbag/avoidance_bag_52) by extension 'python'
[0.252s] Level 1:colcon.colcon_core.package_identification:_identify(rosbag/avoidance_bag_52) by extensions ['python_setup_py']
[0.252s] Level 1:colcon.colcon_core.package_identification:_identify(rosbag/avoidance_bag_52) by extension 'python_setup_py'
[0.252s] Level 1:colcon.colcon_core.package_identification:_identify(rosbag/avoidance_bag_53) by extensions ['ignore', 'ignore_ament_install']
[0.252s] Level 1:colcon.colcon_core.package_identification:_identify(rosbag/avoidance_bag_53) by extension 'ignore'
[0.252s] Level 1:colcon.colcon_core.package_identification:_identify(rosbag/avoidance_bag_53) by extension 'ignore_ament_install'
[0.252s] Level 1:colcon.colcon_core.package_identification:_identify(rosbag/avoidance_bag_53) by extensions ['colcon_pkg']
[0.252s] Level 1:colcon.colcon_core.package_identification:_identify(rosbag/avoidance_bag_53) by extension 'colcon_pkg'
[0.252s] Level 1:colcon.colcon_core.package_identification:_identify(rosbag/avoidance_bag_53) by extensions ['colcon_meta']
[0.252s] Level 1:colcon.colcon_core.package_identification:_identify(rosbag/avoidance_bag_53) by extension 'colcon_meta'
[0.252s] Level 1:colcon.colcon_core.package_identification:_identify(rosbag/avoidance_bag_53) by extensions ['ros']
[0.252s] Level 1:colcon.colcon_core.package_identification:_identify(rosbag/avoidance_bag_53) by extension 'ros'
[0.252s] Level 1:colcon.colcon_core.package_identification:_identify(rosbag/avoidance_bag_53) by extensions ['cmake', 'python']
[0.252s] Level 1:colcon.colcon_core.package_identification:_identify(rosbag/avoidance_bag_53) by extension 'cmake'
[0.252s] Level 1:colcon.colcon_core.package_identification:_identify(rosbag/avoidance_bag_53) by extension 'python'
[0.252s] Level 1:colcon.colcon_core.package_identification:_identify(rosbag/avoidance_bag_53) by extensions ['python_setup_py']
[0.252s] Level 1:colcon.colcon_core.package_identification:_identify(rosbag/avoidance_bag_53) by extension 'python_setup_py'
[0.253s] Level 1:colcon.colcon_core.package_identification:_identify(rosbag/avoidance_bag_54) by extensions ['ignore', 'ignore_ament_install']
[0.253s] Level 1:colcon.colcon_core.package_identification:_identify(rosbag/avoidance_bag_54) by extension 'ignore'
[0.253s] Level 1:colcon.colcon_core.package_identification:_identify(rosbag/avoidance_bag_54) by extension 'ignore_ament_install'
[0.253s] Level 1:colcon.colcon_core.package_identification:_identify(rosbag/avoidance_bag_54) by extensions ['colcon_pkg']
[0.253s] Level 1:colcon.colcon_core.package_identification:_identify(rosbag/avoidance_bag_54) by extension 'colcon_pkg'
[0.253s] Level 1:colcon.colcon_core.package_identification:_identify(rosbag/avoidance_bag_54) by extensions ['colcon_meta']
[0.253s] Level 1:colcon.colcon_core.package_identification:_identify(rosbag/avoidance_bag_54) by extension 'colcon_meta'
[0.253s] Level 1:colcon.colcon_core.package_identification:_identify(rosbag/avoidance_bag_54) by extensions ['ros']
[0.253s] Level 1:colcon.colcon_core.package_identification:_identify(rosbag/avoidance_bag_54) by extension 'ros'
[0.253s] Level 1:colcon.colcon_core.package_identification:_identify(rosbag/avoidance_bag_54) by extensions ['cmake', 'python']
[0.253s] Level 1:colcon.colcon_core.package_identification:_identify(rosbag/avoidance_bag_54) by extension 'cmake'
[0.253s] Level 1:colcon.colcon_core.package_identification:_identify(rosbag/avoidance_bag_54) by extension 'python'
[0.253s] Level 1:colcon.colcon_core.package_identification:_identify(rosbag/avoidance_bag_54) by extensions ['python_setup_py']
[0.253s] Level 1:colcon.colcon_core.package_identification:_identify(rosbag/avoidance_bag_54) by extension 'python_setup_py'
[0.253s] Level 1:colcon.colcon_core.package_identification:_identify(rosbag/avoidance_bag_55) by extensions ['ignore', 'ignore_ament_install']
[0.253s] Level 1:colcon.colcon_core.package_identification:_identify(rosbag/avoidance_bag_55) by extension 'ignore'
[0.253s] Level 1:colcon.colcon_core.package_identification:_identify(rosbag/avoidance_bag_55) by extension 'ignore_ament_install'
[0.253s] Level 1:colcon.colcon_core.package_identification:_identify(rosbag/avoidance_bag_55) by extensions ['colcon_pkg']
[0.253s] Level 1:colcon.colcon_core.package_identification:_identify(rosbag/avoidance_bag_55) by extension 'colcon_pkg'
[0.253s] Level 1:colcon.colcon_core.package_identification:_identify(rosbag/avoidance_bag_55) by extensions ['colcon_meta']
[0.253s] Level 1:colcon.colcon_core.package_identification:_identify(rosbag/avoidance_bag_55) by extension 'colcon_meta'
[0.253s] Level 1:colcon.colcon_core.package_identification:_identify(rosbag/avoidance_bag_55) by extensions ['ros']
[0.253s] Level 1:colcon.colcon_core.package_identification:_identify(rosbag/avoidance_bag_55) by extension 'ros'
[0.253s] Level 1:colcon.colcon_core.package_identification:_identify(rosbag/avoidance_bag_55) by extensions ['cmake', 'python']
[0.253s] Level 1:colcon.colcon_core.package_identification:_identify(rosbag/avoidance_bag_55) by extension 'cmake'
[0.253s] Level 1:colcon.colcon_core.package_identification:_identify(rosbag/avoidance_bag_55) by extension 'python'
[0.253s] Level 1:colcon.colcon_core.package_identification:_identify(rosbag/avoidance_bag_55) by extensions ['python_setup_py']
[0.253s] Level 1:colcon.colcon_core.package_identification:_identify(rosbag/avoidance_bag_55) by extension 'python_setup_py'
[0.253s] Level 1:colcon.colcon_core.package_identification:_identify(rosbag/avoidance_bag_56) by extensions ['ignore', 'ignore_ament_install']
[0.253s] Level 1:colcon.colcon_core.package_identification:_identify(rosbag/avoidance_bag_56) by extension 'ignore'
[0.253s] Level 1:colcon.colcon_core.package_identification:_identify(rosbag/avoidance_bag_56) by extension 'ignore_ament_install'
[0.253s] Level 1:colcon.colcon_core.package_identification:_identify(rosbag/avoidance_bag_56) by extensions ['colcon_pkg']
[0.253s] Level 1:colcon.colcon_core.package_identification:_identify(rosbag/avoidance_bag_56) by extension 'colcon_pkg'
[0.253s] Level 1:colcon.colcon_core.package_identification:_identify(rosbag/avoidance_bag_56) by extensions ['colcon_meta']
[0.253s] Level 1:colcon.colcon_core.package_identification:_identify(rosbag/avoidance_bag_56) by extension 'colcon_meta'
[0.253s] Level 1:colcon.colcon_core.package_identification:_identify(rosbag/avoidance_bag_56) by extensions ['ros']
[0.253s] Level 1:colcon.colcon_core.package_identification:_identify(rosbag/avoidance_bag_56) by extension 'ros'
[0.253s] Level 1:colcon.colcon_core.package_identification:_identify(rosbag/avoidance_bag_56) by extensions ['cmake', 'python']
[0.253s] Level 1:colcon.colcon_core.package_identification:_identify(rosbag/avoidance_bag_56) by extension 'cmake'
[0.253s] Level 1:colcon.colcon_core.package_identification:_identify(rosbag/avoidance_bag_56) by extension 'python'
[0.253s] Level 1:colcon.colcon_core.package_identification:_identify(rosbag/avoidance_bag_56) by extensions ['python_setup_py']
[0.253s] Level 1:colcon.colcon_core.package_identification:_identify(rosbag/avoidance_bag_56) by extension 'python_setup_py'
[0.254s] Level 1:colcon.colcon_core.package_identification:_identify(rosbag/avoidance_bag_57) by extensions ['ignore', 'ignore_ament_install']
[0.254s] Level 1:colcon.colcon_core.package_identification:_identify(rosbag/avoidance_bag_57) by extension 'ignore'
[0.254s] Level 1:colcon.colcon_core.package_identification:_identify(rosbag/avoidance_bag_57) by extension 'ignore_ament_install'
[0.254s] Level 1:colcon.colcon_core.package_identification:_identify(rosbag/avoidance_bag_57) by extensions ['colcon_pkg']
[0.254s] Level 1:colcon.colcon_core.package_identification:_identify(rosbag/avoidance_bag_57) by extension 'colcon_pkg'
[0.254s] Level 1:colcon.colcon_core.package_identification:_identify(rosbag/avoidance_bag_57) by extensions ['colcon_meta']
[0.254s] Level 1:colcon.colcon_core.package_identification:_identify(rosbag/avoidance_bag_57) by extension 'colcon_meta'
[0.254s] Level 1:colcon.colcon_core.package_identification:_identify(rosbag/avoidance_bag_57) by extensions ['ros']
[0.254s] Level 1:colcon.colcon_core.package_identification:_identify(rosbag/avoidance_bag_57) by extension 'ros'
[0.254s] Level 1:colcon.colcon_core.package_identification:_identify(rosbag/avoidance_bag_57) by extensions ['cmake', 'python']
[0.254s] Level 1:colcon.colcon_core.package_identification:_identify(rosbag/avoidance_bag_57) by extension 'cmake'
[0.254s] Level 1:colcon.colcon_core.package_identification:_identify(rosbag/avoidance_bag_57) by extension 'python'
[0.254s] Level 1:colcon.colcon_core.package_identification:_identify(rosbag/avoidance_bag_57) by extensions ['python_setup_py']
[0.254s] Level 1:colcon.colcon_core.package_identification:_identify(rosbag/avoidance_bag_57) by extension 'python_setup_py'
[0.254s] Level 1:colcon.colcon_core.package_identification:_identify(rosbag/avoidance_bag_58) by extensions ['ignore', 'ignore_ament_install']
[0.254s] Level 1:colcon.colcon_core.package_identification:_identify(rosbag/avoidance_bag_58) by extension 'ignore'
[0.254s] Level 1:colcon.colcon_core.package_identification:_identify(rosbag/avoidance_bag_58) by extension 'ignore_ament_install'
[0.254s] Level 1:colcon.colcon_core.package_identification:_identify(rosbag/avoidance_bag_58) by extensions ['colcon_pkg']
[0.254s] Level 1:colcon.colcon_core.package_identification:_identify(rosbag/avoidance_bag_58) by extension 'colcon_pkg'
[0.254s] Level 1:colcon.colcon_core.package_identification:_identify(rosbag/avoidance_bag_58) by extensions ['colcon_meta']
[0.254s] Level 1:colcon.colcon_core.package_identification:_identify(rosbag/avoidance_bag_58) by extension 'colcon_meta'
[0.254s] Level 1:colcon.colcon_core.package_identification:_identify(rosbag/avoidance_bag_58) by extensions ['ros']
[0.254s] Level 1:colcon.colcon_core.package_identification:_identify(rosbag/avoidance_bag_58) by extension 'ros'
[0.254s] Level 1:colcon.colcon_core.package_identification:_identify(rosbag/avoidance_bag_58) by extensions ['cmake', 'python']
[0.254s] Level 1:colcon.colcon_core.package_identification:_identify(rosbag/avoidance_bag_58) by extension 'cmake'
[0.254s] Level 1:colcon.colcon_core.package_identification:_identify(rosbag/avoidance_bag_58) by extension 'python'
[0.254s] Level 1:colcon.colcon_core.package_identification:_identify(rosbag/avoidance_bag_58) by extensions ['python_setup_py']
[0.254s] Level 1:colcon.colcon_core.package_identification:_identify(rosbag/avoidance_bag_58) by extension 'python_setup_py'
[0.254s] Level 1:colcon.colcon_core.package_identification:_identify(rosbag/avoidance_bag_59) by extensions ['ignore', 'ignore_ament_install']
[0.254s] Level 1:colcon.colcon_core.package_identification:_identify(rosbag/avoidance_bag_59) by extension 'ignore'
[0.254s] Level 1:colcon.colcon_core.package_identification:_identify(rosbag/avoidance_bag_59) by extension 'ignore_ament_install'
[0.254s] Level 1:colcon.colcon_core.package_identification:_identify(rosbag/avoidance_bag_59) by extensions ['colcon_pkg']
[0.254s] Level 1:colcon.colcon_core.package_identification:_identify(rosbag/avoidance_bag_59) by extension 'colcon_pkg'
[0.254s] Level 1:colcon.colcon_core.package_identification:_identify(rosbag/avoidance_bag_59) by extensions ['colcon_meta']
[0.254s] Level 1:colcon.colcon_core.package_identification:_identify(rosbag/avoidance_bag_59) by extension 'colcon_meta'
[0.254s] Level 1:colcon.colcon_core.package_identification:_identify(rosbag/avoidance_bag_59) by extensions ['ros']
[0.254s] Level 1:colcon.colcon_core.package_identification:_identify(rosbag/avoidance_bag_59) by extension 'ros'
[0.254s] Level 1:colcon.colcon_core.package_identification:_identify(rosbag/avoidance_bag_59) by extensions ['cmake', 'python']
[0.254s] Level 1:colcon.colcon_core.package_identification:_identify(rosbag/avoidance_bag_59) by extension 'cmake'
[0.254s] Level 1:colcon.colcon_core.package_identification:_identify(rosbag/avoidance_bag_59) by extension 'python'
[0.254s] Level 1:colcon.colcon_core.package_identification:_identify(rosbag/avoidance_bag_59) by extensions ['python_setup_py']
[0.254s] Level 1:colcon.colcon_core.package_identification:_identify(rosbag/avoidance_bag_59) by extension 'python_setup_py'
[0.254s] Level 1:colcon.colcon_core.package_identification:_identify(rosbag/avoidance_bag_60) by extensions ['ignore', 'ignore_ament_install']
[0.255s] Level 1:colcon.colcon_core.package_identification:_identify(rosbag/avoidance_bag_60) by extension 'ignore'
[0.255s] Level 1:colcon.colcon_core.package_identification:_identify(rosbag/avoidance_bag_60) by extension 'ignore_ament_install'
[0.255s] Level 1:colcon.colcon_core.package_identification:_identify(rosbag/avoidance_bag_60) by extensions ['colcon_pkg']
[0.255s] Level 1:colcon.colcon_core.package_identification:_identify(rosbag/avoidance_bag_60) by extension 'colcon_pkg'
[0.255s] Level 1:colcon.colcon_core.package_identification:_identify(rosbag/avoidance_bag_60) by extensions ['colcon_meta']
[0.255s] Level 1:colcon.colcon_core.package_identification:_identify(rosbag/avoidance_bag_60) by extension 'colcon_meta'
[0.255s] Level 1:colcon.colcon_core.package_identification:_identify(rosbag/avoidance_bag_60) by extensions ['ros']
[0.255s] Level 1:colcon.colcon_core.package_identification:_identify(rosbag/avoidance_bag_60) by extension 'ros'
[0.255s] Level 1:colcon.colcon_core.package_identification:_identify(rosbag/avoidance_bag_60) by extensions ['cmake', 'python']
[0.255s] Level 1:colcon.colcon_core.package_identification:_identify(rosbag/avoidance_bag_60) by extension 'cmake'
[0.255s] Level 1:colcon.colcon_core.package_identification:_identify(rosbag/avoidance_bag_60) by extension 'python'
[0.255s] Level 1:colcon.colcon_core.package_identification:_identify(rosbag/avoidance_bag_60) by extensions ['python_setup_py']
[0.255s] Level 1:colcon.colcon_core.package_identification:_identify(rosbag/avoidance_bag_60) by extension 'python_setup_py'
[0.255s] Level 1:colcon.colcon_core.package_identification:_identify(rosbag/avoidance_bag_61) by extensions ['ignore', 'ignore_ament_install']
[0.255s] Level 1:colcon.colcon_core.package_identification:_identify(rosbag/avoidance_bag_61) by extension 'ignore'
[0.255s] Level 1:colcon.colcon_core.package_identification:_identify(rosbag/avoidance_bag_61) by extension 'ignore_ament_install'
[0.255s] Level 1:colcon.colcon_core.package_identification:_identify(rosbag/avoidance_bag_61) by extensions ['colcon_pkg']
[0.255s] Level 1:colcon.colcon_core.package_identification:_identify(rosbag/avoidance_bag_61) by extension 'colcon_pkg'
[0.255s] Level 1:colcon.colcon_core.package_identification:_identify(rosbag/avoidance_bag_61) by extensions ['colcon_meta']
[0.255s] Level 1:colcon.colcon_core.package_identification:_identify(rosbag/avoidance_bag_61) by extension 'colcon_meta'
[0.255s] Level 1:colcon.colcon_core.package_identification:_identify(rosbag/avoidance_bag_61) by extensions ['ros']
[0.255s] Level 1:colcon.colcon_core.package_identification:_identify(rosbag/avoidance_bag_61) by extension 'ros'
[0.255s] Level 1:colcon.colcon_core.package_identification:_identify(rosbag/avoidance_bag_61) by extensions ['cmake', 'python']
[0.255s] Level 1:colcon.colcon_core.package_identification:_identify(rosbag/avoidance_bag_61) by extension 'cmake'
[0.255s] Level 1:colcon.colcon_core.package_identification:_identify(rosbag/avoidance_bag_61) by extension 'python'
[0.255s] Level 1:colcon.colcon_core.package_identification:_identify(rosbag/avoidance_bag_61) by extensions ['python_setup_py']
[0.255s] Level 1:colcon.colcon_core.package_identification:_identify(rosbag/avoidance_bag_61) by extension 'python_setup_py'
[0.255s] Level 1:colcon.colcon_core.package_identification:_identify(rosbag/avoidance_bag_62) by extensions ['ignore', 'ignore_ament_install']
[0.255s] Level 1:colcon.colcon_core.package_identification:_identify(rosbag/avoidance_bag_62) by extension 'ignore'
[0.255s] Level 1:colcon.colcon_core.package_identification:_identify(rosbag/avoidance_bag_62) by extension 'ignore_ament_install'
[0.255s] Level 1:colcon.colcon_core.package_identification:_identify(rosbag/avoidance_bag_62) by extensions ['colcon_pkg']
[0.255s] Level 1:colcon.colcon_core.package_identification:_identify(rosbag/avoidance_bag_62) by extension 'colcon_pkg'
[0.255s] Level 1:colcon.colcon_core.package_identification:_identify(rosbag/avoidance_bag_62) by extensions ['colcon_meta']
[0.255s] Level 1:colcon.colcon_core.package_identification:_identify(rosbag/avoidance_bag_62) by extension 'colcon_meta'
[0.255s] Level 1:colcon.colcon_core.package_identification:_identify(rosbag/avoidance_bag_62) by extensions ['ros']
[0.255s] Level 1:colcon.colcon_core.package_identification:_identify(rosbag/avoidance_bag_62) by extension 'ros'
[0.255s] Level 1:colcon.colcon_core.package_identification:_identify(rosbag/avoidance_bag_62) by extensions ['cmake', 'python']
[0.255s] Level 1:colcon.colcon_core.package_identification:_identify(rosbag/avoidance_bag_62) by extension 'cmake'
[0.255s] Level 1:colcon.colcon_core.package_identification:_identify(rosbag/avoidance_bag_62) by extension 'python'
[0.255s] Level 1:colcon.colcon_core.package_identification:_identify(rosbag/avoidance_bag_62) by extensions ['python_setup_py']
[0.255s] Level 1:colcon.colcon_core.package_identification:_identify(rosbag/avoidance_bag_62) by extension 'python_setup_py'
[0.255s] Level 1:colcon.colcon_core.package_identification:_identify(rosbag/avoidance_bag_63) by extensions ['ignore', 'ignore_ament_install']
[0.255s] Level 1:colcon.colcon_core.package_identification:_identify(rosbag/avoidance_bag_63) by extension 'ignore'
[0.255s] Level 1:colcon.colcon_core.package_identification:_identify(rosbag/avoidance_bag_63) by extension 'ignore_ament_install'
[0.256s] Level 1:colcon.colcon_core.package_identification:_identify(rosbag/avoidance_bag_63) by extensions ['colcon_pkg']
[0.256s] Level 1:colcon.colcon_core.package_identification:_identify(rosbag/avoidance_bag_63) by extension 'colcon_pkg'
[0.256s] Level 1:colcon.colcon_core.package_identification:_identify(rosbag/avoidance_bag_63) by extensions ['colcon_meta']
[0.256s] Level 1:colcon.colcon_core.package_identification:_identify(rosbag/avoidance_bag_63) by extension 'colcon_meta'
[0.256s] Level 1:colcon.colcon_core.package_identification:_identify(rosbag/avoidance_bag_63) by extensions ['ros']
[0.256s] Level 1:colcon.colcon_core.package_identification:_identify(rosbag/avoidance_bag_63) by extension 'ros'
[0.256s] Level 1:colcon.colcon_core.package_identification:_identify(rosbag/avoidance_bag_63) by extensions ['cmake', 'python']
[0.256s] Level 1:colcon.colcon_core.package_identification:_identify(rosbag/avoidance_bag_63) by extension 'cmake'
[0.256s] Level 1:colcon.colcon_core.package_identification:_identify(rosbag/avoidance_bag_63) by extension 'python'
[0.256s] Level 1:colcon.colcon_core.package_identification:_identify(rosbag/avoidance_bag_63) by extensions ['python_setup_py']
[0.256s] Level 1:colcon.colcon_core.package_identification:_identify(rosbag/avoidance_bag_63) by extension 'python_setup_py'
[0.256s] Level 1:colcon.colcon_core.package_identification:_identify(rosbag/avoidance_bag_97) by extensions ['ignore', 'ignore_ament_install']
[0.256s] Level 1:colcon.colcon_core.package_identification:_identify(rosbag/avoidance_bag_97) by extension 'ignore'
[0.256s] Level 1:colcon.colcon_core.package_identification:_identify(rosbag/avoidance_bag_97) by extension 'ignore_ament_install'
[0.256s] Level 1:colcon.colcon_core.package_identification:_identify(rosbag/avoidance_bag_97) by extensions ['colcon_pkg']
[0.256s] Level 1:colcon.colcon_core.package_identification:_identify(rosbag/avoidance_bag_97) by extension 'colcon_pkg'
[0.256s] Level 1:colcon.colcon_core.package_identification:_identify(rosbag/avoidance_bag_97) by extensions ['colcon_meta']
[0.256s] Level 1:colcon.colcon_core.package_identification:_identify(rosbag/avoidance_bag_97) by extension 'colcon_meta'
[0.256s] Level 1:colcon.colcon_core.package_identification:_identify(rosbag/avoidance_bag_97) by extensions ['ros']
[0.256s] Level 1:colcon.colcon_core.package_identification:_identify(rosbag/avoidance_bag_97) by extension 'ros'
[0.256s] Level 1:colcon.colcon_core.package_identification:_identify(rosbag/avoidance_bag_97) by extensions ['cmake', 'python']
[0.256s] Level 1:colcon.colcon_core.package_identification:_identify(rosbag/avoidance_bag_97) by extension 'cmake'
[0.256s] Level 1:colcon.colcon_core.package_identification:_identify(rosbag/avoidance_bag_97) by extension 'python'
[0.256s] Level 1:colcon.colcon_core.package_identification:_identify(rosbag/avoidance_bag_97) by extensions ['python_setup_py']
[0.256s] Level 1:colcon.colcon_core.package_identification:_identify(rosbag/avoidance_bag_97) by extension 'python_setup_py'
[0.256s] Level 1:colcon.colcon_core.package_identification:_identify(rosbag/rc_follow_test_51) by extensions ['ignore', 'ignore_ament_install']
[0.256s] Level 1:colcon.colcon_core.package_identification:_identify(rosbag/rc_follow_test_51) by extension 'ignore'
[0.256s] Level 1:colcon.colcon_core.package_identification:_identify(rosbag/rc_follow_test_51) by extension 'ignore_ament_install'
[0.256s] Level 1:colcon.colcon_core.package_identification:_identify(rosbag/rc_follow_test_51) by extensions ['colcon_pkg']
[0.256s] Level 1:colcon.colcon_core.package_identification:_identify(rosbag/rc_follow_test_51) by extension 'colcon_pkg'
[0.256s] Level 1:colcon.colcon_core.package_identification:_identify(rosbag/rc_follow_test_51) by extensions ['colcon_meta']
[0.256s] Level 1:colcon.colcon_core.package_identification:_identify(rosbag/rc_follow_test_51) by extension 'colcon_meta'
[0.256s] Level 1:colcon.colcon_core.package_identification:_identify(rosbag/rc_follow_test_51) by extensions ['ros']
[0.256s] Level 1:colcon.colcon_core.package_identification:_identify(rosbag/rc_follow_test_51) by extension 'ros'
[0.256s] Level 1:colcon.colcon_core.package_identification:_identify(rosbag/rc_follow_test_51) by extensions ['cmake', 'python']
[0.256s] Level 1:colcon.colcon_core.package_identification:_identify(rosbag/rc_follow_test_51) by extension 'cmake'
[0.256s] Level 1:colcon.colcon_core.package_identification:_identify(rosbag/rc_follow_test_51) by extension 'python'
[0.256s] Level 1:colcon.colcon_core.package_identification:_identify(rosbag/rc_follow_test_51) by extensions ['python_setup_py']
[0.256s] Level 1:colcon.colcon_core.package_identification:_identify(rosbag/rc_follow_test_51) by extension 'python_setup_py'
[0.256s] Level 1:colcon.colcon_core.package_identification:_identify(rosbag/rc_follow_test_52) by extensions ['ignore', 'ignore_ament_install']
[0.256s] Level 1:colcon.colcon_core.package_identification:_identify(rosbag/rc_follow_test_52) by extension 'ignore'
[0.256s] Level 1:colcon.colcon_core.package_identification:_identify(rosbag/rc_follow_test_52) by extension 'ignore_ament_install'
[0.256s] Level 1:colcon.colcon_core.package_identification:_identify(rosbag/rc_follow_test_52) by extensions ['colcon_pkg']
[0.256s] Level 1:colcon.colcon_core.package_identification:_identify(rosbag/rc_follow_test_52) by extension 'colcon_pkg'
[0.256s] Level 1:colcon.colcon_core.package_identification:_identify(rosbag/rc_follow_test_52) by extensions ['colcon_meta']
[0.256s] Level 1:colcon.colcon_core.package_identification:_identify(rosbag/rc_follow_test_52) by extension 'colcon_meta'
[0.256s] Level 1:colcon.colcon_core.package_identification:_identify(rosbag/rc_follow_test_52) by extensions ['ros']
[0.256s] Level 1:colcon.colcon_core.package_identification:_identify(rosbag/rc_follow_test_52) by extension 'ros'
[0.257s] Level 1:colcon.colcon_core.package_identification:_identify(rosbag/rc_follow_test_52) by extensions ['cmake', 'python']
[0.257s] Level 1:colcon.colcon_core.package_identification:_identify(rosbag/rc_follow_test_52) by extension 'cmake'
[0.257s] Level 1:colcon.colcon_core.package_identification:_identify(rosbag/rc_follow_test_52) by extension 'python'
[0.257s] Level 1:colcon.colcon_core.package_identification:_identify(rosbag/rc_follow_test_52) by extensions ['python_setup_py']
[0.257s] Level 1:colcon.colcon_core.package_identification:_identify(rosbag/rc_follow_test_52) by extension 'python_setup_py'
[0.257s] Level 1:colcon.colcon_core.package_identification:_identify(rosbag/rc_follow_test_53) by extensions ['ignore', 'ignore_ament_install']
[0.257s] Level 1:colcon.colcon_core.package_identification:_identify(rosbag/rc_follow_test_53) by extension 'ignore'
[0.257s] Level 1:colcon.colcon_core.package_identification:_identify(rosbag/rc_follow_test_53) by extension 'ignore_ament_install'
[0.257s] Level 1:colcon.colcon_core.package_identification:_identify(rosbag/rc_follow_test_53) by extensions ['colcon_pkg']
[0.257s] Level 1:colcon.colcon_core.package_identification:_identify(rosbag/rc_follow_test_53) by extension 'colcon_pkg'
[0.257s] Level 1:colcon.colcon_core.package_identification:_identify(rosbag/rc_follow_test_53) by extensions ['colcon_meta']
[0.257s] Level 1:colcon.colcon_core.package_identification:_identify(rosbag/rc_follow_test_53) by extension 'colcon_meta'
[0.257s] Level 1:colcon.colcon_core.package_identification:_identify(rosbag/rc_follow_test_53) by extensions ['ros']
[0.257s] Level 1:colcon.colcon_core.package_identification:_identify(rosbag/rc_follow_test_53) by extension 'ros'
[0.257s] Level 1:colcon.colcon_core.package_identification:_identify(rosbag/rc_follow_test_53) by extensions ['cmake', 'python']
[0.257s] Level 1:colcon.colcon_core.package_identification:_identify(rosbag/rc_follow_test_53) by extension 'cmake'
[0.257s] Level 1:colcon.colcon_core.package_identification:_identify(rosbag/rc_follow_test_53) by extension 'python'
[0.257s] Level 1:colcon.colcon_core.package_identification:_identify(rosbag/rc_follow_test_53) by extensions ['python_setup_py']
[0.257s] Level 1:colcon.colcon_core.package_identification:_identify(rosbag/rc_follow_test_53) by extension 'python_setup_py'
[0.257s] Level 1:colcon.colcon_core.package_identification:_identify(rosbag/rc_follow_test_54) by extensions ['ignore', 'ignore_ament_install']
[0.257s] Level 1:colcon.colcon_core.package_identification:_identify(rosbag/rc_follow_test_54) by extension 'ignore'
[0.257s] Level 1:colcon.colcon_core.package_identification:_identify(rosbag/rc_follow_test_54) by extension 'ignore_ament_install'
[0.257s] Level 1:colcon.colcon_core.package_identification:_identify(rosbag/rc_follow_test_54) by extensions ['colcon_pkg']
[0.257s] Level 1:colcon.colcon_core.package_identification:_identify(rosbag/rc_follow_test_54) by extension 'colcon_pkg'
[0.257s] Level 1:colcon.colcon_core.package_identification:_identify(rosbag/rc_follow_test_54) by extensions ['colcon_meta']
[0.257s] Level 1:colcon.colcon_core.package_identification:_identify(rosbag/rc_follow_test_54) by extension 'colcon_meta'
[0.257s] Level 1:colcon.colcon_core.package_identification:_identify(rosbag/rc_follow_test_54) by extensions ['ros']
[0.257s] Level 1:colcon.colcon_core.package_identification:_identify(rosbag/rc_follow_test_54) by extension 'ros'
[0.257s] Level 1:colcon.colcon_core.package_identification:_identify(rosbag/rc_follow_test_54) by extensions ['cmake', 'python']
[0.257s] Level 1:colcon.colcon_core.package_identification:_identify(rosbag/rc_follow_test_54) by extension 'cmake'
[0.257s] Level 1:colcon.colcon_core.package_identification:_identify(rosbag/rc_follow_test_54) by extension 'python'
[0.257s] Level 1:colcon.colcon_core.package_identification:_identify(rosbag/rc_follow_test_54) by extensions ['python_setup_py']
[0.257s] Level 1:colcon.colcon_core.package_identification:_identify(rosbag/rc_follow_test_54) by extension 'python_setup_py'
[0.257s] Level 1:colcon.colcon_core.package_identification:_identify(rosbag/rc_follow_test_55) by extensions ['ignore', 'ignore_ament_install']
[0.257s] Level 1:colcon.colcon_core.package_identification:_identify(rosbag/rc_follow_test_55) by extension 'ignore'
[0.257s] Level 1:colcon.colcon_core.package_identification:_identify(rosbag/rc_follow_test_55) by extension 'ignore_ament_install'
[0.257s] Level 1:colcon.colcon_core.package_identification:_identify(rosbag/rc_follow_test_55) by extensions ['colcon_pkg']
[0.257s] Level 1:colcon.colcon_core.package_identification:_identify(rosbag/rc_follow_test_55) by extension 'colcon_pkg'
[0.257s] Level 1:colcon.colcon_core.package_identification:_identify(rosbag/rc_follow_test_55) by extensions ['colcon_meta']
[0.257s] Level 1:colcon.colcon_core.package_identification:_identify(rosbag/rc_follow_test_55) by extension 'colcon_meta'
[0.257s] Level 1:colcon.colcon_core.package_identification:_identify(rosbag/rc_follow_test_55) by extensions ['ros']
[0.257s] Level 1:colcon.colcon_core.package_identification:_identify(rosbag/rc_follow_test_55) by extension 'ros'
[0.257s] Level 1:colcon.colcon_core.package_identification:_identify(rosbag/rc_follow_test_55) by extensions ['cmake', 'python']
[0.257s] Level 1:colcon.colcon_core.package_identification:_identify(rosbag/rc_follow_test_55) by extension 'cmake'
[0.257s] Level 1:colcon.colcon_core.package_identification:_identify(rosbag/rc_follow_test_55) by extension 'python'
[0.257s] Level 1:colcon.colcon_core.package_identification:_identify(rosbag/rc_follow_test_55) by extensions ['python_setup_py']
[0.257s] Level 1:colcon.colcon_core.package_identification:_identify(rosbag/rc_follow_test_55) by extension 'python_setup_py'
[0.258s] Level 1:colcon.colcon_core.package_identification:_identify(rosbag/rc_follow_test_56) by extensions ['ignore', 'ignore_ament_install']
[0.258s] Level 1:colcon.colcon_core.package_identification:_identify(rosbag/rc_follow_test_56) by extension 'ignore'
[0.258s] Level 1:colcon.colcon_core.package_identification:_identify(rosbag/rc_follow_test_56) by extension 'ignore_ament_install'
[0.258s] Level 1:colcon.colcon_core.package_identification:_identify(rosbag/rc_follow_test_56) by extensions ['colcon_pkg']
[0.258s] Level 1:colcon.colcon_core.package_identification:_identify(rosbag/rc_follow_test_56) by extension 'colcon_pkg'
[0.258s] Level 1:colcon.colcon_core.package_identification:_identify(rosbag/rc_follow_test_56) by extensions ['colcon_meta']
[0.258s] Level 1:colcon.colcon_core.package_identification:_identify(rosbag/rc_follow_test_56) by extension 'colcon_meta'
[0.258s] Level 1:colcon.colcon_core.package_identification:_identify(rosbag/rc_follow_test_56) by extensions ['ros']
[0.258s] Level 1:colcon.colcon_core.package_identification:_identify(rosbag/rc_follow_test_56) by extension 'ros'
[0.258s] Level 1:colcon.colcon_core.package_identification:_identify(rosbag/rc_follow_test_56) by extensions ['cmake', 'python']
[0.258s] Level 1:colcon.colcon_core.package_identification:_identify(rosbag/rc_follow_test_56) by extension 'cmake'
[0.258s] Level 1:colcon.colcon_core.package_identification:_identify(rosbag/rc_follow_test_56) by extension 'python'
[0.258s] Level 1:colcon.colcon_core.package_identification:_identify(rosbag/rc_follow_test_56) by extensions ['python_setup_py']
[0.258s] Level 1:colcon.colcon_core.package_identification:_identify(rosbag/rc_follow_test_56) by extension 'python_setup_py'
[0.258s] Level 1:colcon.colcon_core.package_identification:_identify(rosbag/rc_follow_test_57) by extensions ['ignore', 'ignore_ament_install']
[0.258s] Level 1:colcon.colcon_core.package_identification:_identify(rosbag/rc_follow_test_57) by extension 'ignore'
[0.258s] Level 1:colcon.colcon_core.package_identification:_identify(rosbag/rc_follow_test_57) by extension 'ignore_ament_install'
[0.258s] Level 1:colcon.colcon_core.package_identification:_identify(rosbag/rc_follow_test_57) by extensions ['colcon_pkg']
[0.258s] Level 1:colcon.colcon_core.package_identification:_identify(rosbag/rc_follow_test_57) by extension 'colcon_pkg'
[0.258s] Level 1:colcon.colcon_core.package_identification:_identify(rosbag/rc_follow_test_57) by extensions ['colcon_meta']
[0.258s] Level 1:colcon.colcon_core.package_identification:_identify(rosbag/rc_follow_test_57) by extension 'colcon_meta'
[0.258s] Level 1:colcon.colcon_core.package_identification:_identify(rosbag/rc_follow_test_57) by extensions ['ros']
[0.258s] Level 1:colcon.colcon_core.package_identification:_identify(rosbag/rc_follow_test_57) by extension 'ros'
[0.258s] Level 1:colcon.colcon_core.package_identification:_identify(rosbag/rc_follow_test_57) by extensions ['cmake', 'python']
[0.258s] Level 1:colcon.colcon_core.package_identification:_identify(rosbag/rc_follow_test_57) by extension 'cmake'
[0.258s] Level 1:colcon.colcon_core.package_identification:_identify(rosbag/rc_follow_test_57) by extension 'python'
[0.258s] Level 1:colcon.colcon_core.package_identification:_identify(rosbag/rc_follow_test_57) by extensions ['python_setup_py']
[0.258s] Level 1:colcon.colcon_core.package_identification:_identify(rosbag/rc_follow_test_57) by extension 'python_setup_py'
[0.258s] Level 1:colcon.colcon_core.package_identification:_identify(rosbag/rc_follow_test_58) by extensions ['ignore', 'ignore_ament_install']
[0.258s] Level 1:colcon.colcon_core.package_identification:_identify(rosbag/rc_follow_test_58) by extension 'ignore'
[0.258s] Level 1:colcon.colcon_core.package_identification:_identify(rosbag/rc_follow_test_58) by extension 'ignore_ament_install'
[0.258s] Level 1:colcon.colcon_core.package_identification:_identify(rosbag/rc_follow_test_58) by extensions ['colcon_pkg']
[0.258s] Level 1:colcon.colcon_core.package_identification:_identify(rosbag/rc_follow_test_58) by extension 'colcon_pkg'
[0.258s] Level 1:colcon.colcon_core.package_identification:_identify(rosbag/rc_follow_test_58) by extensions ['colcon_meta']
[0.258s] Level 1:colcon.colcon_core.package_identification:_identify(rosbag/rc_follow_test_58) by extension 'colcon_meta'
[0.258s] Level 1:colcon.colcon_core.package_identification:_identify(rosbag/rc_follow_test_58) by extensions ['ros']
[0.258s] Level 1:colcon.colcon_core.package_identification:_identify(rosbag/rc_follow_test_58) by extension 'ros'
[0.258s] Level 1:colcon.colcon_core.package_identification:_identify(rosbag/rc_follow_test_58) by extensions ['cmake', 'python']
[0.258s] Level 1:colcon.colcon_core.package_identification:_identify(rosbag/rc_follow_test_58) by extension 'cmake'
[0.258s] Level 1:colcon.colcon_core.package_identification:_identify(rosbag/rc_follow_test_58) by extension 'python'
[0.258s] Level 1:colcon.colcon_core.package_identification:_identify(rosbag/rc_follow_test_58) by extensions ['python_setup_py']
[0.258s] Level 1:colcon.colcon_core.package_identification:_identify(rosbag/rc_follow_test_58) by extension 'python_setup_py'
[0.258s] Level 1:colcon.colcon_core.package_identification:_identify(rosbag/rc_follow_test_59) by extensions ['ignore', 'ignore_ament_install']
[0.259s] Level 1:colcon.colcon_core.package_identification:_identify(rosbag/rc_follow_test_59) by extension 'ignore'
[0.259s] Level 1:colcon.colcon_core.package_identification:_identify(rosbag/rc_follow_test_59) by extension 'ignore_ament_install'
[0.259s] Level 1:colcon.colcon_core.package_identification:_identify(rosbag/rc_follow_test_59) by extensions ['colcon_pkg']
[0.259s] Level 1:colcon.colcon_core.package_identification:_identify(rosbag/rc_follow_test_59) by extension 'colcon_pkg'
[0.259s] Level 1:colcon.colcon_core.package_identification:_identify(rosbag/rc_follow_test_59) by extensions ['colcon_meta']
[0.259s] Level 1:colcon.colcon_core.package_identification:_identify(rosbag/rc_follow_test_59) by extension 'colcon_meta'
[0.259s] Level 1:colcon.colcon_core.package_identification:_identify(rosbag/rc_follow_test_59) by extensions ['ros']
[0.259s] Level 1:colcon.colcon_core.package_identification:_identify(rosbag/rc_follow_test_59) by extension 'ros'
[0.259s] Level 1:colcon.colcon_core.package_identification:_identify(rosbag/rc_follow_test_59) by extensions ['cmake', 'python']
[0.259s] Level 1:colcon.colcon_core.package_identification:_identify(rosbag/rc_follow_test_59) by extension 'cmake'
[0.259s] Level 1:colcon.colcon_core.package_identification:_identify(rosbag/rc_follow_test_59) by extension 'python'
[0.259s] Level 1:colcon.colcon_core.package_identification:_identify(rosbag/rc_follow_test_59) by extensions ['python_setup_py']
[0.259s] Level 1:colcon.colcon_core.package_identification:_identify(rosbag/rc_follow_test_59) by extension 'python_setup_py'
[0.259s] Level 1:colcon.colcon_core.package_identification:_identify(rosbag/rc_follow_test_60) by extensions ['ignore', 'ignore_ament_install']
[0.259s] Level 1:colcon.colcon_core.package_identification:_identify(rosbag/rc_follow_test_60) by extension 'ignore'
[0.259s] Level 1:colcon.colcon_core.package_identification:_identify(rosbag/rc_follow_test_60) by extension 'ignore_ament_install'
[0.259s] Level 1:colcon.colcon_core.package_identification:_identify(rosbag/rc_follow_test_60) by extensions ['colcon_pkg']
[0.259s] Level 1:colcon.colcon_core.package_identification:_identify(rosbag/rc_follow_test_60) by extension 'colcon_pkg'
[0.259s] Level 1:colcon.colcon_core.package_identification:_identify(rosbag/rc_follow_test_60) by extensions ['colcon_meta']
[0.259s] Level 1:colcon.colcon_core.package_identification:_identify(rosbag/rc_follow_test_60) by extension 'colcon_meta'
[0.259s] Level 1:colcon.colcon_core.package_identification:_identify(rosbag/rc_follow_test_60) by extensions ['ros']
[0.259s] Level 1:colcon.colcon_core.package_identification:_identify(rosbag/rc_follow_test_60) by extension 'ros'
[0.259s] Level 1:colcon.colcon_core.package_identification:_identify(rosbag/rc_follow_test_60) by extensions ['cmake', 'python']
[0.259s] Level 1:colcon.colcon_core.package_identification:_identify(rosbag/rc_follow_test_60) by extension 'cmake'
[0.259s] Level 1:colcon.colcon_core.package_identification:_identify(rosbag/rc_follow_test_60) by extension 'python'
[0.259s] Level 1:colcon.colcon_core.package_identification:_identify(rosbag/rc_follow_test_60) by extensions ['python_setup_py']
[0.259s] Level 1:colcon.colcon_core.package_identification:_identify(rosbag/rc_follow_test_60) by extension 'python_setup_py'
[0.259s] Level 1:colcon.colcon_core.package_identification:_identify(rosbag/rc_follow_test_61) by extensions ['ignore', 'ignore_ament_install']
[0.259s] Level 1:colcon.colcon_core.package_identification:_identify(rosbag/rc_follow_test_61) by extension 'ignore'
[0.259s] Level 1:colcon.colcon_core.package_identification:_identify(rosbag/rc_follow_test_61) by extension 'ignore_ament_install'
[0.259s] Level 1:colcon.colcon_core.package_identification:_identify(rosbag/rc_follow_test_61) by extensions ['colcon_pkg']
[0.259s] Level 1:colcon.colcon_core.package_identification:_identify(rosbag/rc_follow_test_61) by extension 'colcon_pkg'
[0.259s] Level 1:colcon.colcon_core.package_identification:_identify(rosbag/rc_follow_test_61) by extensions ['colcon_meta']
[0.259s] Level 1:colcon.colcon_core.package_identification:_identify(rosbag/rc_follow_test_61) by extension 'colcon_meta'
[0.259s] Level 1:colcon.colcon_core.package_identification:_identify(rosbag/rc_follow_test_61) by extensions ['ros']
[0.259s] Level 1:colcon.colcon_core.package_identification:_identify(rosbag/rc_follow_test_61) by extension 'ros'
[0.259s] Level 1:colcon.colcon_core.package_identification:_identify(rosbag/rc_follow_test_61) by extensions ['cmake', 'python']
[0.259s] Level 1:colcon.colcon_core.package_identification:_identify(rosbag/rc_follow_test_61) by extension 'cmake'
[0.259s] Level 1:colcon.colcon_core.package_identification:_identify(rosbag/rc_follow_test_61) by extension 'python'
[0.259s] Level 1:colcon.colcon_core.package_identification:_identify(rosbag/rc_follow_test_61) by extensions ['python_setup_py']
[0.259s] Level 1:colcon.colcon_core.package_identification:_identify(rosbag/rc_follow_test_61) by extension 'python_setup_py'
[0.259s] Level 1:colcon.colcon_core.package_identification:_identify(rosbag/rc_follow_test_62) by extensions ['ignore', 'ignore_ament_install']
[0.259s] Level 1:colcon.colcon_core.package_identification:_identify(rosbag/rc_follow_test_62) by extension 'ignore'
[0.259s] Level 1:colcon.colcon_core.package_identification:_identify(rosbag/rc_follow_test_62) by extension 'ignore_ament_install'
[0.259s] Level 1:colcon.colcon_core.package_identification:_identify(rosbag/rc_follow_test_62) by extensions ['colcon_pkg']
[0.260s] Level 1:colcon.colcon_core.package_identification:_identify(rosbag/rc_follow_test_62) by extension 'colcon_pkg'
[0.260s] Level 1:colcon.colcon_core.package_identification:_identify(rosbag/rc_follow_test_62) by extensions ['colcon_meta']
[0.260s] Level 1:colcon.colcon_core.package_identification:_identify(rosbag/rc_follow_test_62) by extension 'colcon_meta'
[0.260s] Level 1:colcon.colcon_core.package_identification:_identify(rosbag/rc_follow_test_62) by extensions ['ros']
[0.260s] Level 1:colcon.colcon_core.package_identification:_identify(rosbag/rc_follow_test_62) by extension 'ros'
[0.260s] Level 1:colcon.colcon_core.package_identification:_identify(rosbag/rc_follow_test_62) by extensions ['cmake', 'python']
[0.260s] Level 1:colcon.colcon_core.package_identification:_identify(rosbag/rc_follow_test_62) by extension 'cmake'
[0.260s] Level 1:colcon.colcon_core.package_identification:_identify(rosbag/rc_follow_test_62) by extension 'python'
[0.260s] Level 1:colcon.colcon_core.package_identification:_identify(rosbag/rc_follow_test_62) by extensions ['python_setup_py']
[0.260s] Level 1:colcon.colcon_core.package_identification:_identify(rosbag/rc_follow_test_62) by extension 'python_setup_py'
[0.260s] Level 1:colcon.colcon_core.package_identification:_identify(rosbag/rc_follow_test_64) by extensions ['ignore', 'ignore_ament_install']
[0.260s] Level 1:colcon.colcon_core.package_identification:_identify(rosbag/rc_follow_test_64) by extension 'ignore'
[0.260s] Level 1:colcon.colcon_core.package_identification:_identify(rosbag/rc_follow_test_64) by extension 'ignore_ament_install'
[0.260s] Level 1:colcon.colcon_core.package_identification:_identify(rosbag/rc_follow_test_64) by extensions ['colcon_pkg']
[0.260s] Level 1:colcon.colcon_core.package_identification:_identify(rosbag/rc_follow_test_64) by extension 'colcon_pkg'
[0.260s] Level 1:colcon.colcon_core.package_identification:_identify(rosbag/rc_follow_test_64) by extensions ['colcon_meta']
[0.260s] Level 1:colcon.colcon_core.package_identification:_identify(rosbag/rc_follow_test_64) by extension 'colcon_meta'
[0.260s] Level 1:colcon.colcon_core.package_identification:_identify(rosbag/rc_follow_test_64) by extensions ['ros']
[0.260s] Level 1:colcon.colcon_core.package_identification:_identify(rosbag/rc_follow_test_64) by extension 'ros'
[0.260s] Level 1:colcon.colcon_core.package_identification:_identify(rosbag/rc_follow_test_64) by extensions ['cmake', 'python']
[0.260s] Level 1:colcon.colcon_core.package_identification:_identify(rosbag/rc_follow_test_64) by extension 'cmake'
[0.260s] Level 1:colcon.colcon_core.package_identification:_identify(rosbag/rc_follow_test_64) by extension 'python'
[0.260s] Level 1:colcon.colcon_core.package_identification:_identify(rosbag/rc_follow_test_64) by extensions ['python_setup_py']
[0.260s] Level 1:colcon.colcon_core.package_identification:_identify(rosbag/rc_follow_test_64) by extension 'python_setup_py'
[0.260s] Level 1:colcon.colcon_core.package_identification:_identify(rosbag/rc_follow_test_65) by extensions ['ignore', 'ignore_ament_install']
[0.260s] Level 1:colcon.colcon_core.package_identification:_identify(rosbag/rc_follow_test_65) by extension 'ignore'
[0.260s] Level 1:colcon.colcon_core.package_identification:_identify(rosbag/rc_follow_test_65) by extension 'ignore_ament_install'
[0.260s] Level 1:colcon.colcon_core.package_identification:_identify(rosbag/rc_follow_test_65) by extensions ['colcon_pkg']
[0.260s] Level 1:colcon.colcon_core.package_identification:_identify(rosbag/rc_follow_test_65) by extension 'colcon_pkg'
[0.260s] Level 1:colcon.colcon_core.package_identification:_identify(rosbag/rc_follow_test_65) by extensions ['colcon_meta']
[0.260s] Level 1:colcon.colcon_core.package_identification:_identify(rosbag/rc_follow_test_65) by extension 'colcon_meta'
[0.260s] Level 1:colcon.colcon_core.package_identification:_identify(rosbag/rc_follow_test_65) by extensions ['ros']
[0.260s] Level 1:colcon.colcon_core.package_identification:_identify(rosbag/rc_follow_test_65) by extension 'ros'
[0.260s] Level 1:colcon.colcon_core.package_identification:_identify(rosbag/rc_follow_test_65) by extensions ['cmake', 'python']
[0.260s] Level 1:colcon.colcon_core.package_identification:_identify(rosbag/rc_follow_test_65) by extension 'cmake'
[0.260s] Level 1:colcon.colcon_core.package_identification:_identify(rosbag/rc_follow_test_65) by extension 'python'
[0.260s] Level 1:colcon.colcon_core.package_identification:_identify(rosbag/rc_follow_test_65) by extensions ['python_setup_py']
[0.260s] Level 1:colcon.colcon_core.package_identification:_identify(rosbag/rc_follow_test_65) by extension 'python_setup_py'
[0.260s] Level 1:colcon.colcon_core.package_identification:_identify(rosbag/rc_follow_test_66) by extensions ['ignore', 'ignore_ament_install']
[0.260s] Level 1:colcon.colcon_core.package_identification:_identify(rosbag/rc_follow_test_66) by extension 'ignore'
[0.260s] Level 1:colcon.colcon_core.package_identification:_identify(rosbag/rc_follow_test_66) by extension 'ignore_ament_install'
[0.260s] Level 1:colcon.colcon_core.package_identification:_identify(rosbag/rc_follow_test_66) by extensions ['colcon_pkg']
[0.260s] Level 1:colcon.colcon_core.package_identification:_identify(rosbag/rc_follow_test_66) by extension 'colcon_pkg'
[0.260s] Level 1:colcon.colcon_core.package_identification:_identify(rosbag/rc_follow_test_66) by extensions ['colcon_meta']
[0.260s] Level 1:colcon.colcon_core.package_identification:_identify(rosbag/rc_follow_test_66) by extension 'colcon_meta'
[0.260s] Level 1:colcon.colcon_core.package_identification:_identify(rosbag/rc_follow_test_66) by extensions ['ros']
[0.260s] Level 1:colcon.colcon_core.package_identification:_identify(rosbag/rc_follow_test_66) by extension 'ros'
[0.261s] Level 1:colcon.colcon_core.package_identification:_identify(rosbag/rc_follow_test_66) by extensions ['cmake', 'python']
[0.261s] Level 1:colcon.colcon_core.package_identification:_identify(rosbag/rc_follow_test_66) by extension 'cmake'
[0.261s] Level 1:colcon.colcon_core.package_identification:_identify(rosbag/rc_follow_test_66) by extension 'python'
[0.261s] Level 1:colcon.colcon_core.package_identification:_identify(rosbag/rc_follow_test_66) by extensions ['python_setup_py']
[0.261s] Level 1:colcon.colcon_core.package_identification:_identify(rosbag/rc_follow_test_66) by extension 'python_setup_py'
[0.261s] Level 1:colcon.colcon_core.package_identification:_identify(rosbag/rc_follow_test_67) by extensions ['ignore', 'ignore_ament_install']
[0.261s] Level 1:colcon.colcon_core.package_identification:_identify(rosbag/rc_follow_test_67) by extension 'ignore'
[0.261s] Level 1:colcon.colcon_core.package_identification:_identify(rosbag/rc_follow_test_67) by extension 'ignore_ament_install'
[0.261s] Level 1:colcon.colcon_core.package_identification:_identify(rosbag/rc_follow_test_67) by extensions ['colcon_pkg']
[0.261s] Level 1:colcon.colcon_core.package_identification:_identify(rosbag/rc_follow_test_67) by extension 'colcon_pkg'
[0.261s] Level 1:colcon.colcon_core.package_identification:_identify(rosbag/rc_follow_test_67) by extensions ['colcon_meta']
[0.261s] Level 1:colcon.colcon_core.package_identification:_identify(rosbag/rc_follow_test_67) by extension 'colcon_meta'
[0.261s] Level 1:colcon.colcon_core.package_identification:_identify(rosbag/rc_follow_test_67) by extensions ['ros']
[0.261s] Level 1:colcon.colcon_core.package_identification:_identify(rosbag/rc_follow_test_67) by extension 'ros'
[0.261s] Level 1:colcon.colcon_core.package_identification:_identify(rosbag/rc_follow_test_67) by extensions ['cmake', 'python']
[0.261s] Level 1:colcon.colcon_core.package_identification:_identify(rosbag/rc_follow_test_67) by extension 'cmake'
[0.261s] Level 1:colcon.colcon_core.package_identification:_identify(rosbag/rc_follow_test_67) by extension 'python'
[0.261s] Level 1:colcon.colcon_core.package_identification:_identify(rosbag/rc_follow_test_67) by extensions ['python_setup_py']
[0.261s] Level 1:colcon.colcon_core.package_identification:_identify(rosbag/rc_follow_test_67) by extension 'python_setup_py'
[0.261s] Level 1:colcon.colcon_core.package_identification:_identify(rosbag/rc_follow_test_68) by extensions ['ignore', 'ignore_ament_install']
[0.261s] Level 1:colcon.colcon_core.package_identification:_identify(rosbag/rc_follow_test_68) by extension 'ignore'
[0.261s] Level 1:colcon.colcon_core.package_identification:_identify(rosbag/rc_follow_test_68) by extension 'ignore_ament_install'
[0.261s] Level 1:colcon.colcon_core.package_identification:_identify(rosbag/rc_follow_test_68) by extensions ['colcon_pkg']
[0.261s] Level 1:colcon.colcon_core.package_identification:_identify(rosbag/rc_follow_test_68) by extension 'colcon_pkg'
[0.261s] Level 1:colcon.colcon_core.package_identification:_identify(rosbag/rc_follow_test_68) by extensions ['colcon_meta']
[0.261s] Level 1:colcon.colcon_core.package_identification:_identify(rosbag/rc_follow_test_68) by extension 'colcon_meta'
[0.261s] Level 1:colcon.colcon_core.package_identification:_identify(rosbag/rc_follow_test_68) by extensions ['ros']
[0.261s] Level 1:colcon.colcon_core.package_identification:_identify(rosbag/rc_follow_test_68) by extension 'ros'
[0.261s] Level 1:colcon.colcon_core.package_identification:_identify(rosbag/rc_follow_test_68) by extensions ['cmake', 'python']
[0.261s] Level 1:colcon.colcon_core.package_identification:_identify(rosbag/rc_follow_test_68) by extension 'cmake'
[0.261s] Level 1:colcon.colcon_core.package_identification:_identify(rosbag/rc_follow_test_68) by extension 'python'
[0.261s] Level 1:colcon.colcon_core.package_identification:_identify(rosbag/rc_follow_test_68) by extensions ['python_setup_py']
[0.261s] Level 1:colcon.colcon_core.package_identification:_identify(rosbag/rc_follow_test_68) by extension 'python_setup_py'
[0.261s] Level 1:colcon.colcon_core.package_identification:_identify(rosbag/rc_follow_test_69) by extensions ['ignore', 'ignore_ament_install']
[0.261s] Level 1:colcon.colcon_core.package_identification:_identify(rosbag/rc_follow_test_69) by extension 'ignore'
[0.261s] Level 1:colcon.colcon_core.package_identification:_identify(rosbag/rc_follow_test_69) by extension 'ignore_ament_install'
[0.261s] Level 1:colcon.colcon_core.package_identification:_identify(rosbag/rc_follow_test_69) by extensions ['colcon_pkg']
[0.261s] Level 1:colcon.colcon_core.package_identification:_identify(rosbag/rc_follow_test_69) by extension 'colcon_pkg'
[0.261s] Level 1:colcon.colcon_core.package_identification:_identify(rosbag/rc_follow_test_69) by extensions ['colcon_meta']
[0.261s] Level 1:colcon.colcon_core.package_identification:_identify(rosbag/rc_follow_test_69) by extension 'colcon_meta'
[0.261s] Level 1:colcon.colcon_core.package_identification:_identify(rosbag/rc_follow_test_69) by extensions ['ros']
[0.261s] Level 1:colcon.colcon_core.package_identification:_identify(rosbag/rc_follow_test_69) by extension 'ros'
[0.261s] Level 1:colcon.colcon_core.package_identification:_identify(rosbag/rc_follow_test_69) by extensions ['cmake', 'python']
[0.261s] Level 1:colcon.colcon_core.package_identification:_identify(rosbag/rc_follow_test_69) by extension 'cmake'
[0.261s] Level 1:colcon.colcon_core.package_identification:_identify(rosbag/rc_follow_test_69) by extension 'python'
[0.261s] Level 1:colcon.colcon_core.package_identification:_identify(rosbag/rc_follow_test_69) by extensions ['python_setup_py']
[0.261s] Level 1:colcon.colcon_core.package_identification:_identify(rosbag/rc_follow_test_69) by extension 'python_setup_py'
[0.262s] Level 1:colcon.colcon_core.package_identification:_identify(rosbag/rc_follow_test_70) by extensions ['ignore', 'ignore_ament_install']
[0.262s] Level 1:colcon.colcon_core.package_identification:_identify(rosbag/rc_follow_test_70) by extension 'ignore'
[0.262s] Level 1:colcon.colcon_core.package_identification:_identify(rosbag/rc_follow_test_70) by extension 'ignore_ament_install'
[0.262s] Level 1:colcon.colcon_core.package_identification:_identify(rosbag/rc_follow_test_70) by extensions ['colcon_pkg']
[0.262s] Level 1:colcon.colcon_core.package_identification:_identify(rosbag/rc_follow_test_70) by extension 'colcon_pkg'
[0.262s] Level 1:colcon.colcon_core.package_identification:_identify(rosbag/rc_follow_test_70) by extensions ['colcon_meta']
[0.262s] Level 1:colcon.colcon_core.package_identification:_identify(rosbag/rc_follow_test_70) by extension 'colcon_meta'
[0.262s] Level 1:colcon.colcon_core.package_identification:_identify(rosbag/rc_follow_test_70) by extensions ['ros']
[0.262s] Level 1:colcon.colcon_core.package_identification:_identify(rosbag/rc_follow_test_70) by extension 'ros'
[0.262s] Level 1:colcon.colcon_core.package_identification:_identify(rosbag/rc_follow_test_70) by extensions ['cmake', 'python']
[0.262s] Level 1:colcon.colcon_core.package_identification:_identify(rosbag/rc_follow_test_70) by extension 'cmake'
[0.262s] Level 1:colcon.colcon_core.package_identification:_identify(rosbag/rc_follow_test_70) by extension 'python'
[0.262s] Level 1:colcon.colcon_core.package_identification:_identify(rosbag/rc_follow_test_70) by extensions ['python_setup_py']
[0.262s] Level 1:colcon.colcon_core.package_identification:_identify(rosbag/rc_follow_test_70) by extension 'python_setup_py'
[0.262s] Level 1:colcon.colcon_core.package_identification:_identify(rosbag/rc_follow_test_71) by extensions ['ignore', 'ignore_ament_install']
[0.262s] Level 1:colcon.colcon_core.package_identification:_identify(rosbag/rc_follow_test_71) by extension 'ignore'
[0.262s] Level 1:colcon.colcon_core.package_identification:_identify(rosbag/rc_follow_test_71) by extension 'ignore_ament_install'
[0.262s] Level 1:colcon.colcon_core.package_identification:_identify(rosbag/rc_follow_test_71) by extensions ['colcon_pkg']
[0.262s] Level 1:colcon.colcon_core.package_identification:_identify(rosbag/rc_follow_test_71) by extension 'colcon_pkg'
[0.262s] Level 1:colcon.colcon_core.package_identification:_identify(rosbag/rc_follow_test_71) by extensions ['colcon_meta']
[0.262s] Level 1:colcon.colcon_core.package_identification:_identify(rosbag/rc_follow_test_71) by extension 'colcon_meta'
[0.262s] Level 1:colcon.colcon_core.package_identification:_identify(rosbag/rc_follow_test_71) by extensions ['ros']
[0.262s] Level 1:colcon.colcon_core.package_identification:_identify(rosbag/rc_follow_test_71) by extension 'ros'
[0.262s] Level 1:colcon.colcon_core.package_identification:_identify(rosbag/rc_follow_test_71) by extensions ['cmake', 'python']
[0.262s] Level 1:colcon.colcon_core.package_identification:_identify(rosbag/rc_follow_test_71) by extension 'cmake'
[0.262s] Level 1:colcon.colcon_core.package_identification:_identify(rosbag/rc_follow_test_71) by extension 'python'
[0.262s] Level 1:colcon.colcon_core.package_identification:_identify(rosbag/rc_follow_test_71) by extensions ['python_setup_py']
[0.262s] Level 1:colcon.colcon_core.package_identification:_identify(rosbag/rc_follow_test_71) by extension 'python_setup_py'
[0.262s] Level 1:colcon.colcon_core.package_identification:_identify(rosbag/rc_follow_test_72) by extensions ['ignore', 'ignore_ament_install']
[0.262s] Level 1:colcon.colcon_core.package_identification:_identify(rosbag/rc_follow_test_72) by extension 'ignore'
[0.262s] Level 1:colcon.colcon_core.package_identification:_identify(rosbag/rc_follow_test_72) by extension 'ignore_ament_install'
[0.262s] Level 1:colcon.colcon_core.package_identification:_identify(rosbag/rc_follow_test_72) by extensions ['colcon_pkg']
[0.262s] Level 1:colcon.colcon_core.package_identification:_identify(rosbag/rc_follow_test_72) by extension 'colcon_pkg'
[0.262s] Level 1:colcon.colcon_core.package_identification:_identify(rosbag/rc_follow_test_72) by extensions ['colcon_meta']
[0.262s] Level 1:colcon.colcon_core.package_identification:_identify(rosbag/rc_follow_test_72) by extension 'colcon_meta'
[0.262s] Level 1:colcon.colcon_core.package_identification:_identify(rosbag/rc_follow_test_72) by extensions ['ros']
[0.263s] Level 1:colcon.colcon_core.package_identification:_identify(rosbag/rc_follow_test_72) by extension 'ros'
[0.263s] Level 1:colcon.colcon_core.package_identification:_identify(rosbag/rc_follow_test_72) by extensions ['cmake', 'python']
[0.263s] Level 1:colcon.colcon_core.package_identification:_identify(rosbag/rc_follow_test_72) by extension 'cmake'
[0.263s] Level 1:colcon.colcon_core.package_identification:_identify(rosbag/rc_follow_test_72) by extension 'python'
[0.263s] Level 1:colcon.colcon_core.package_identification:_identify(rosbag/rc_follow_test_72) by extensions ['python_setup_py']
[0.263s] Level 1:colcon.colcon_core.package_identification:_identify(rosbag/rc_follow_test_72) by extension 'python_setup_py'
[0.263s] Level 1:colcon.colcon_core.package_identification:_identify(rosbag/rc_follow_test_73) by extensions ['ignore', 'ignore_ament_install']
[0.263s] Level 1:colcon.colcon_core.package_identification:_identify(rosbag/rc_follow_test_73) by extension 'ignore'
[0.263s] Level 1:colcon.colcon_core.package_identification:_identify(rosbag/rc_follow_test_73) by extension 'ignore_ament_install'
[0.263s] Level 1:colcon.colcon_core.package_identification:_identify(rosbag/rc_follow_test_73) by extensions ['colcon_pkg']
[0.263s] Level 1:colcon.colcon_core.package_identification:_identify(rosbag/rc_follow_test_73) by extension 'colcon_pkg'
[0.263s] Level 1:colcon.colcon_core.package_identification:_identify(rosbag/rc_follow_test_73) by extensions ['colcon_meta']
[0.263s] Level 1:colcon.colcon_core.package_identification:_identify(rosbag/rc_follow_test_73) by extension 'colcon_meta'
[0.263s] Level 1:colcon.colcon_core.package_identification:_identify(rosbag/rc_follow_test_73) by extensions ['ros']
[0.263s] Level 1:colcon.colcon_core.package_identification:_identify(rosbag/rc_follow_test_73) by extension 'ros'
[0.263s] Level 1:colcon.colcon_core.package_identification:_identify(rosbag/rc_follow_test_73) by extensions ['cmake', 'python']
[0.263s] Level 1:colcon.colcon_core.package_identification:_identify(rosbag/rc_follow_test_73) by extension 'cmake'
[0.263s] Level 1:colcon.colcon_core.package_identification:_identify(rosbag/rc_follow_test_73) by extension 'python'
[0.263s] Level 1:colcon.colcon_core.package_identification:_identify(rosbag/rc_follow_test_73) by extensions ['python_setup_py']
[0.263s] Level 1:colcon.colcon_core.package_identification:_identify(rosbag/rc_follow_test_73) by extension 'python_setup_py'
[0.263s] Level 1:colcon.colcon_core.package_identification:_identify(rosbag/rc_follow_test_74) by extensions ['ignore', 'ignore_ament_install']
[0.263s] Level 1:colcon.colcon_core.package_identification:_identify(rosbag/rc_follow_test_74) by extension 'ignore'
[0.263s] Level 1:colcon.colcon_core.package_identification:_identify(rosbag/rc_follow_test_74) by extension 'ignore_ament_install'
[0.263s] Level 1:colcon.colcon_core.package_identification:_identify(rosbag/rc_follow_test_74) by extensions ['colcon_pkg']
[0.263s] Level 1:colcon.colcon_core.package_identification:_identify(rosbag/rc_follow_test_74) by extension 'colcon_pkg'
[0.263s] Level 1:colcon.colcon_core.package_identification:_identify(rosbag/rc_follow_test_74) by extensions ['colcon_meta']
[0.263s] Level 1:colcon.colcon_core.package_identification:_identify(rosbag/rc_follow_test_74) by extension 'colcon_meta'
[0.263s] Level 1:colcon.colcon_core.package_identification:_identify(rosbag/rc_follow_test_74) by extensions ['ros']
[0.263s] Level 1:colcon.colcon_core.package_identification:_identify(rosbag/rc_follow_test_74) by extension 'ros'
[0.263s] Level 1:colcon.colcon_core.package_identification:_identify(rosbag/rc_follow_test_74) by extensions ['cmake', 'python']
[0.263s] Level 1:colcon.colcon_core.package_identification:_identify(rosbag/rc_follow_test_74) by extension 'cmake'
[0.263s] Level 1:colcon.colcon_core.package_identification:_identify(rosbag/rc_follow_test_74) by extension 'python'
[0.263s] Level 1:colcon.colcon_core.package_identification:_identify(rosbag/rc_follow_test_74) by extensions ['python_setup_py']
[0.263s] Level 1:colcon.colcon_core.package_identification:_identify(rosbag/rc_follow_test_74) by extension 'python_setup_py'
[0.263s] Level 1:colcon.colcon_core.package_identification:_identify(rosbag/rc_follow_test_75) by extensions ['ignore', 'ignore_ament_install']
[0.263s] Level 1:colcon.colcon_core.package_identification:_identify(rosbag/rc_follow_test_75) by extension 'ignore'
[0.263s] Level 1:colcon.colcon_core.package_identification:_identify(rosbag/rc_follow_test_75) by extension 'ignore_ament_install'
[0.263s] Level 1:colcon.colcon_core.package_identification:_identify(rosbag/rc_follow_test_75) by extensions ['colcon_pkg']
[0.263s] Level 1:colcon.colcon_core.package_identification:_identify(rosbag/rc_follow_test_75) by extension 'colcon_pkg'
[0.263s] Level 1:colcon.colcon_core.package_identification:_identify(rosbag/rc_follow_test_75) by extensions ['colcon_meta']
[0.263s] Level 1:colcon.colcon_core.package_identification:_identify(rosbag/rc_follow_test_75) by extension 'colcon_meta'
[0.263s] Level 1:colcon.colcon_core.package_identification:_identify(rosbag/rc_follow_test_75) by extensions ['ros']
[0.263s] Level 1:colcon.colcon_core.package_identification:_identify(rosbag/rc_follow_test_75) by extension 'ros'
[0.263s] Level 1:colcon.colcon_core.package_identification:_identify(rosbag/rc_follow_test_75) by extensions ['cmake', 'python']
[0.264s] Level 1:colcon.colcon_core.package_identification:_identify(rosbag/rc_follow_test_75) by extension 'cmake'
[0.264s] Level 1:colcon.colcon_core.package_identification:_identify(rosbag/rc_follow_test_75) by extension 'python'
[0.264s] Level 1:colcon.colcon_core.package_identification:_identify(rosbag/rc_follow_test_75) by extensions ['python_setup_py']
[0.264s] Level 1:colcon.colcon_core.package_identification:_identify(rosbag/rc_follow_test_75) by extension 'python_setup_py'
[0.264s] Level 1:colcon.colcon_core.package_identification:_identify(rosbag/rc_follow_test_76) by extensions ['ignore', 'ignore_ament_install']
[0.264s] Level 1:colcon.colcon_core.package_identification:_identify(rosbag/rc_follow_test_76) by extension 'ignore'
[0.264s] Level 1:colcon.colcon_core.package_identification:_identify(rosbag/rc_follow_test_76) by extension 'ignore_ament_install'
[0.264s] Level 1:colcon.colcon_core.package_identification:_identify(rosbag/rc_follow_test_76) by extensions ['colcon_pkg']
[0.264s] Level 1:colcon.colcon_core.package_identification:_identify(rosbag/rc_follow_test_76) by extension 'colcon_pkg'
[0.264s] Level 1:colcon.colcon_core.package_identification:_identify(rosbag/rc_follow_test_76) by extensions ['colcon_meta']
[0.264s] Level 1:colcon.colcon_core.package_identification:_identify(rosbag/rc_follow_test_76) by extension 'colcon_meta'
[0.264s] Level 1:colcon.colcon_core.package_identification:_identify(rosbag/rc_follow_test_76) by extensions ['ros']
[0.264s] Level 1:colcon.colcon_core.package_identification:_identify(rosbag/rc_follow_test_76) by extension 'ros'
[0.264s] Level 1:colcon.colcon_core.package_identification:_identify(rosbag/rc_follow_test_76) by extensions ['cmake', 'python']
[0.264s] Level 1:colcon.colcon_core.package_identification:_identify(rosbag/rc_follow_test_76) by extension 'cmake'
[0.264s] Level 1:colcon.colcon_core.package_identification:_identify(rosbag/rc_follow_test_76) by extension 'python'
[0.264s] Level 1:colcon.colcon_core.package_identification:_identify(rosbag/rc_follow_test_76) by extensions ['python_setup_py']
[0.264s] Level 1:colcon.colcon_core.package_identification:_identify(rosbag/rc_follow_test_76) by extension 'python_setup_py'
[0.264s] Level 1:colcon.colcon_core.package_identification:_identify(rosbag/rc_follow_test_77) by extensions ['ignore', 'ignore_ament_install']
[0.264s] Level 1:colcon.colcon_core.package_identification:_identify(rosbag/rc_follow_test_77) by extension 'ignore'
[0.264s] Level 1:colcon.colcon_core.package_identification:_identify(rosbag/rc_follow_test_77) by extension 'ignore_ament_install'
[0.264s] Level 1:colcon.colcon_core.package_identification:_identify(rosbag/rc_follow_test_77) by extensions ['colcon_pkg']
[0.264s] Level 1:colcon.colcon_core.package_identification:_identify(rosbag/rc_follow_test_77) by extension 'colcon_pkg'
[0.264s] Level 1:colcon.colcon_core.package_identification:_identify(rosbag/rc_follow_test_77) by extensions ['colcon_meta']
[0.264s] Level 1:colcon.colcon_core.package_identification:_identify(rosbag/rc_follow_test_77) by extension 'colcon_meta'
[0.264s] Level 1:colcon.colcon_core.package_identification:_identify(rosbag/rc_follow_test_77) by extensions ['ros']
[0.264s] Level 1:colcon.colcon_core.package_identification:_identify(rosbag/rc_follow_test_77) by extension 'ros'
[0.264s] Level 1:colcon.colcon_core.package_identification:_identify(rosbag/rc_follow_test_77) by extensions ['cmake', 'python']
[0.264s] Level 1:colcon.colcon_core.package_identification:_identify(rosbag/rc_follow_test_77) by extension 'cmake'
[0.264s] Level 1:colcon.colcon_core.package_identification:_identify(rosbag/rc_follow_test_77) by extension 'python'
[0.264s] Level 1:colcon.colcon_core.package_identification:_identify(rosbag/rc_follow_test_77) by extensions ['python_setup_py']
[0.264s] Level 1:colcon.colcon_core.package_identification:_identify(rosbag/rc_follow_test_77) by extension 'python_setup_py'
[0.264s] Level 1:colcon.colcon_core.package_identification:_identify(src) by extensions ['ignore', 'ignore_ament_install']
[0.264s] Level 1:colcon.colcon_core.package_identification:_identify(src) by extension 'ignore'
[0.264s] Level 1:colcon.colcon_core.package_identification:_identify(src) by extension 'ignore_ament_install'
[0.264s] Level 1:colcon.colcon_core.package_identification:_identify(src) by extensions ['colcon_pkg']
[0.264s] Level 1:colcon.colcon_core.package_identification:_identify(src) by extension 'colcon_pkg'
[0.264s] Level 1:colcon.colcon_core.package_identification:_identify(src) by extensions ['colcon_meta']
[0.264s] Level 1:colcon.colcon_core.package_identification:_identify(src) by extension 'colcon_meta'
[0.264s] Level 1:colcon.colcon_core.package_identification:_identify(src) by extensions ['ros']
[0.264s] Level 1:colcon.colcon_core.package_identification:_identify(src) by extension 'ros'
[0.264s] Level 1:colcon.colcon_core.package_identification:_identify(src) by extensions ['cmake', 'python']
[0.264s] Level 1:colcon.colcon_core.package_identification:_identify(src) by extension 'cmake'
[0.264s] Level 1:colcon.colcon_core.package_identification:_identify(src) by extension 'python'
[0.264s] Level 1:colcon.colcon_core.package_identification:_identify(src) by extensions ['python_setup_py']
[0.265s] Level 1:colcon.colcon_core.package_identification:_identify(src) by extension 'python_setup_py'
[0.265s] Level 1:colcon.colcon_core.package_identification:_identify(src/amr_topology) by extensions ['ignore', 'ignore_ament_install']
[0.265s] Level 1:colcon.colcon_core.package_identification:_identify(src/amr_topology) by extension 'ignore'
[0.265s] Level 1:colcon.colcon_core.package_identification:_identify(src/amr_topology) by extension 'ignore_ament_install'
[0.265s] Level 1:colcon.colcon_core.package_identification:_identify(src/amr_topology) by extensions ['colcon_pkg']
[0.265s] Level 1:colcon.colcon_core.package_identification:_identify(src/amr_topology) by extension 'colcon_pkg'
[0.265s] Level 1:colcon.colcon_core.package_identification:_identify(src/amr_topology) by extensions ['colcon_meta']
[0.265s] Level 1:colcon.colcon_core.package_identification:_identify(src/amr_topology) by extension 'colcon_meta'
[0.265s] Level 1:colcon.colcon_core.package_identification:_identify(src/amr_topology) by extensions ['ros']
[0.265s] Level 1:colcon.colcon_core.package_identification:_identify(src/amr_topology) by extension 'ros'
[0.268s] DEBUG:colcon.colcon_core.package_identification:Package 'src/amr_topology' with type 'ros.ament_cmake' and name 'amr_topology'
[0.268s] Level 1:colcon.colcon_core.package_discovery:discover_packages(recursive) using defaults
[0.268s] Level 1:colcon.colcon_core.package_discovery:discover_packages(ignore) discover
[0.268s] Level 1:colcon.colcon_core.package_discovery:discover_packages(ignore) using defaults
[0.268s] Level 1:colcon.colcon_core.package_discovery:discover_packages(path) discover
[0.268s] Level 1:colcon.colcon_core.package_discovery:discover_packages(path) using defaults
[0.294s] Level 1:colcon.colcon_core.package_discovery:discover_packages(prefix_path) check parameters
[0.294s] Level 1:colcon.colcon_core.package_discovery:discover_packages(prefix_path) discover
[0.296s] DEBUG:colcon.colcon_installed_package_information.package_discovery:Found 1 installed packages in /home/lee/Downloads/Topology_Graph_test-main/install
[0.297s] DEBUG:colcon.colcon_installed_package_information.package_discovery:Found 2 installed packages in /home/lee/smart_car_ws/install
[0.298s] DEBUG:colcon.colcon_installed_package_information.package_discovery:Found 391 installed packages in /opt/ros/humble
[0.299s] Level 1:colcon.colcon_core.package_discovery:discover_packages(prefix_path) using defaults
[0.323s] Level 5:colcon.colcon_core.verb:set package 'amr_topology' build argument 'cmake_args' from command line to 'None'
[0.323s] Level 5:colcon.colcon_core.verb:set package 'amr_topology' build argument 'cmake_target' from command line to 'None'
[0.323s] Level 5:colcon.colcon_core.verb:set package 'amr_topology' build argument 'cmake_target_skip_unavailable' from command line to 'False'
[0.323s] Level 5:colcon.colcon_core.verb:set package 'amr_topology' build argument 'cmake_clean_cache' from command line to 'False'
[0.323s] Level 5:colcon.colcon_core.verb:set package 'amr_topology' build argument 'cmake_clean_first' from command line to 'False'
[0.323s] Level 5:colcon.colcon_core.verb:set package 'amr_topology' build argument 'cmake_force_configure' from command line to 'False'
[0.323s] Level 5:colcon.colcon_core.verb:set package 'amr_topology' build argument 'ament_cmake_args' from command line to 'None'
[0.323s] Level 5:colcon.colcon_core.verb:set package 'amr_topology' build argument 'catkin_cmake_args' from command line to 'None'
[0.323s] Level 5:colcon.colcon_core.verb:set package 'amr_topology' build argument 'catkin_skip_building_tests' from command line to 'False'
[0.323s] DEBUG:colcon.colcon_core.verb:Building package 'amr_topology' with the following arguments: {'ament_cmake_args': None, 'build_base': '/home/lee/Downloads/Topology_Graph_test-main/build/amr_topology', 'catkin_cmake_args': None, 'catkin_skip_building_tests': False, 'cmake_args': None, 'cmake_clean_cache': False, 'cmake_clean_first': False, 'cmake_force_configure': False, 'cmake_target': None, 'cmake_target_skip_unavailable': False, 'install_base': '/home/lee/Downloads/Topology_Graph_test-main/install/amr_topology', 'merge_install': False, 'path': '/home/lee/Downloads/Topology_Graph_test-main/src/amr_topology', 'symlink_install': False, 'test_result_base': None}
[0.323s] INFO:colcon.colcon_core.executor:Executing jobs using 'parallel' executor
[0.324s] DEBUG:colcon.colcon_parallel_executor.executor.parallel:run_until_complete
[0.324s] INFO:colcon.colcon_ros.task.ament_cmake.build:Building ROS package in '/home/lee/Downloads/Topology_Graph_test-main/src/amr_topology' with build type 'ament_cmake'
[0.324s] INFO:colcon.colcon_cmake.task.cmake.build:Building CMake package in '/home/lee/Downloads/Topology_Graph_test-main/src/amr_topology'
[0.327s] INFO:colcon.colcon_core.plugin_system:Skipping extension 'colcon_core.shell.bat': Not used on non-Windows systems
[0.327s] INFO:colcon.colcon_core.shell:Skip shell extension 'powershell' for command environment: Not usable outside of PowerShell
[0.327s] DEBUG:colcon.colcon_core.shell:Skip shell extension 'dsv' for command environment
[30.379s] DEBUG:colcon.colcon_core.event_handler.log_command:Invoking command in '/home/lee/Downloads/Topology_Graph_test-main/build/amr_topology': CMAKE_PREFIX_PATH=${CMAKE_PREFIX_PATH}:/home/lee/smart_car_ws/install/smart_car_py_pkg:/opt/ros/humble /usr/bin/cmake --build /home/lee/Downloads/Topology_Graph_test-main/build/amr_topology -- -j16 -l16
[35.229s] DEBUG:colcon.colcon_core.event_handler.log_command:Invoked command in '/home/lee/Downloads/Topology_Graph_test-main/build/amr_topology' returned '0': CMAKE_PREFIX_PATH=${CMAKE_PREFIX_PATH}:/home/lee/smart_car_ws/install/smart_car_py_pkg:/opt/ros/humble /usr/bin/cmake --build /home/lee/Downloads/Topology_Graph_test-main/build/amr_topology -- -j16 -l16
[35.238s] DEBUG:colcon.colcon_core.event_handler.log_command:Invoking command in '/home/lee/Downloads/Topology_Graph_test-main/build/amr_topology': CMAKE_PREFIX_PATH=${CMAKE_PREFIX_PATH}:/home/lee/smart_car_ws/install/smart_car_py_pkg:/opt/ros/humble /usr/bin/cmake --install /home/lee/Downloads/Topology_Graph_test-main/build/amr_topology
[60.377s] Level 1:colcon.colcon_core.environment:create_environment_scripts_only(amr_topology)
[60.378s] DEBUG:colcon.colcon_core.event_handler.log_command:Invoked command in '/home/lee/Downloads/Topology_Graph_test-main/build/amr_topology' returned '0': CMAKE_PREFIX_PATH=${CMAKE_PREFIX_PATH}:/home/lee/smart_car_ws/install/smart_car_py_pkg:/opt/ros/humble /usr/bin/cmake --install /home/lee/Downloads/Topology_Graph_test-main/build/amr_topology
[60.382s] Level 1:colcon.colcon_core.environment:checking '/home/lee/Downloads/Topology_Graph_test-main/install/amr_topology' for CMake module files
[60.383s] Level 1:colcon.colcon_core.environment:checking '/home/lee/Downloads/Topology_Graph_test-main/install/amr_topology' for CMake config files
[60.383s] Level 1:colcon.colcon_core.shell:create_environment_hook('amr_topology', 'cmake_prefix_path')
[60.383s] INFO:colcon.colcon_core.shell:Creating environment hook '/home/lee/Downloads/Topology_Graph_test-main/install/amr_topology/share/amr_topology/hook/cmake_prefix_path.ps1'
[60.384s] INFO:colcon.colcon_core.shell:Creating environment descriptor '/home/lee/Downloads/Topology_Graph_test-main/install/amr_topology/share/amr_topology/hook/cmake_prefix_path.dsv'
[60.384s] INFO:colcon.colcon_core.shell:Creating environment hook '/home/lee/Downloads/Topology_Graph_test-main/install/amr_topology/share/amr_topology/hook/cmake_prefix_path.sh'
[60.385s] Level 1:colcon.colcon_core.environment:checking '/home/lee/Downloads/Topology_Graph_test-main/install/amr_topology/lib'
[60.385s] Level 1:colcon.colcon_core.environment:checking '/home/lee/Downloads/Topology_Graph_test-main/install/amr_topology/bin'
[60.385s] Level 1:colcon.colcon_core.environment:checking '/home/lee/Downloads/Topology_Graph_test-main/install/amr_topology/lib/pkgconfig/amr_topology.pc'
[60.385s] Level 1:colcon.colcon_core.environment:checking '/home/lee/Downloads/Topology_Graph_test-main/install/amr_topology/lib/python3.10/site-packages'
[60.386s] Level 1:colcon.colcon_core.environment:checking '/home/lee/Downloads/Topology_Graph_test-main/install/amr_topology/bin'
[60.386s] INFO:colcon.colcon_core.shell:Creating package script '/home/lee/Downloads/Topology_Graph_test-main/install/amr_topology/share/amr_topology/package.ps1'
[60.387s] INFO:colcon.colcon_core.shell:Creating package descriptor '/home/lee/Downloads/Topology_Graph_test-main/install/amr_topology/share/amr_topology/package.dsv'
[60.387s] INFO:colcon.colcon_core.shell:Creating package script '/home/lee/Downloads/Topology_Graph_test-main/install/amr_topology/share/amr_topology/package.sh'
[60.388s] INFO:colcon.colcon_core.shell:Creating package script '/home/lee/Downloads/Topology_Graph_test-main/install/amr_topology/share/amr_topology/package.bash'
[60.388s] INFO:colcon.colcon_core.shell:Creating package script '/home/lee/Downloads/Topology_Graph_test-main/install/amr_topology/share/amr_topology/package.zsh'
[60.389s] Level 1:colcon.colcon_core.environment:create_file_with_runtime_dependencies(/home/lee/Downloads/Topology_Graph_test-main/install/amr_topology/share/colcon-core/packages/amr_topology)
[60.389s] Level 1:colcon.colcon_core.environment:create_environment_scripts_only(amr_topology)
[60.390s] Level 1:colcon.colcon_core.environment:checking '/home/lee/Downloads/Topology_Graph_test-main/install/amr_topology' for CMake module files
[60.390s] Level 1:colcon.colcon_core.environment:checking '/home/lee/Downloads/Topology_Graph_test-main/install/amr_topology' for CMake config files
[60.390s] Level 1:colcon.colcon_core.shell:create_environment_hook('amr_topology', 'cmake_prefix_path')
[60.390s] INFO:colcon.colcon_core.shell:Creating environment hook '/home/lee/Downloads/Topology_Graph_test-main/install/amr_topology/share/amr_topology/hook/cmake_prefix_path.ps1'
[60.390s] INFO:colcon.colcon_core.shell:Creating environment descriptor '/home/lee/Downloads/Topology_Graph_test-main/install/amr_topology/share/amr_topology/hook/cmake_prefix_path.dsv'
[60.391s] INFO:colcon.colcon_core.shell:Creating environment hook '/home/lee/Downloads/Topology_Graph_test-main/install/amr_topology/share/amr_topology/hook/cmake_prefix_path.sh'
[60.391s] Level 1:colcon.colcon_core.environment:checking '/home/lee/Downloads/Topology_Graph_test-main/install/amr_topology/lib'
[60.391s] Level 1:colcon.colcon_core.environment:checking '/home/lee/Downloads/Topology_Graph_test-main/install/amr_topology/bin'
[60.391s] Level 1:colcon.colcon_core.environment:checking '/home/lee/Downloads/Topology_Graph_test-main/install/amr_topology/lib/pkgconfig/amr_topology.pc'
[60.391s] Level 1:colcon.colcon_core.environment:checking '/home/lee/Downloads/Topology_Graph_test-main/install/amr_topology/lib/python3.10/site-packages'
[60.391s] Level 1:colcon.colcon_core.environment:checking '/home/lee/Downloads/Topology_Graph_test-main/install/amr_topology/bin'
[60.392s] INFO:colcon.colcon_core.shell:Creating package script '/home/lee/Downloads/Topology_Graph_test-main/install/amr_topology/share/amr_topology/package.ps1'
[60.392s] INFO:colcon.colcon_core.shell:Creating package descriptor '/home/lee/Downloads/Topology_Graph_test-main/install/amr_topology/share/amr_topology/package.dsv'
[60.392s] INFO:colcon.colcon_core.shell:Creating package script '/home/lee/Downloads/Topology_Graph_test-main/install/amr_topology/share/amr_topology/package.sh'
[60.392s] INFO:colcon.colcon_core.shell:Creating package script '/home/lee/Downloads/Topology_Graph_test-main/install/amr_topology/share/amr_topology/package.bash'
[60.392s] INFO:colcon.colcon_core.shell:Creating package script '/home/lee/Downloads/Topology_Graph_test-main/install/amr_topology/share/amr_topology/package.zsh'
[60.393s] Level 1:colcon.colcon_core.environment:create_file_with_runtime_dependencies(/home/lee/Downloads/Topology_Graph_test-main/install/amr_topology/share/colcon-core/packages/amr_topology)
[60.393s] DEBUG:colcon.colcon_parallel_executor.executor.parallel:closing loop
[60.393s] DEBUG:colcon.colcon_parallel_executor.executor.parallel:loop closed
[60.393s] DEBUG:colcon.colcon_parallel_executor.executor.parallel:run_until_complete finished with '0'
[60.393s] DEBUG:colcon.colcon_core.event_reactor:joining thread
[60.397s] INFO:colcon.colcon_core.plugin_system:Skipping extension 'colcon_notification.desktop_notification.terminal_notifier': Not used on non-Darwin systems
[60.397s] INFO:colcon.colcon_core.plugin_system:Skipping extension 'colcon_notification.desktop_notification.win32': Not used on non-Windows systems
[60.397s] INFO:colcon.colcon_notification.desktop_notification:Sending desktop notification using 'notify2'
[60.397s] DEBUG:colcon.colcon_notification.desktop_notification.notify2:Failed to initialize notify2: org.freedesktop.DBus.Error.AccessDenied: Failed to connect to socket /run/user/1000/bus: Operation not permitted
[60.397s] DEBUG:colcon.colcon_core.event_reactor:joined thread
[60.397s] INFO:colcon.colcon_core.shell:Creating prefix script '/home/lee/Downloads/Topology_Graph_test-main/install/local_setup.ps1'
[60.399s] INFO:colcon.colcon_core.shell:Creating prefix util module '/home/lee/Downloads/Topology_Graph_test-main/install/_local_setup_util_ps1.py'
[60.400s] INFO:colcon.colcon_core.shell:Creating prefix chain script '/home/lee/Downloads/Topology_Graph_test-main/install/setup.ps1'
[60.401s] INFO:colcon.colcon_core.shell:Creating prefix script '/home/lee/Downloads/Topology_Graph_test-main/install/local_setup.sh'
[60.402s] INFO:colcon.colcon_core.shell:Creating prefix util module '/home/lee/Downloads/Topology_Graph_test-main/install/_local_setup_util_sh.py'
[60.402s] INFO:colcon.colcon_core.shell:Creating prefix chain script '/home/lee/Downloads/Topology_Graph_test-main/install/setup.sh'
[60.403s] INFO:colcon.colcon_core.shell:Creating prefix script '/home/lee/Downloads/Topology_Graph_test-main/install/local_setup.bash'
[60.403s] INFO:colcon.colcon_core.shell:Creating prefix chain script '/home/lee/Downloads/Topology_Graph_test-main/install/setup.bash'
[60.404s] INFO:colcon.colcon_core.shell:Creating prefix script '/home/lee/Downloads/Topology_Graph_test-main/install/local_setup.zsh'
[60.405s] INFO:colcon.colcon_core.shell:Creating prefix chain script '/home/lee/Downloads/Topology_Graph_test-main/install/setup.zsh'
